DayType_i,Hour,Air Temperature (degC),Energy Demand (kWh),Irradiance (W/m2),DUoS export (GBP/kWh),DUoS import (GBP/kWh),Wholesale (GBP/kWh),Misc (GBP/kWh),Export Price (GBP/kWh),Import Price (GBP/kWh),DRH (GBP/MW/hr),DRL (GBP/MW/hr)
1,0,1.9348782608695654,75.72118516513768,0.0,0.00032,0.00035,0.05816260869565216,0.16,0.05848260869565216,0.21851260869565217,-3.536086956521739,8.640434782608695
1,1,1.9027304347826086,84.58695301080435,0.0,0.00032,0.00035,0.056872173913043465,0.16,0.05719217391304347,0.21722217391304346,-3.536086956521739,8.640434782608695
1,2,1.886617391304348,83.58443949785298,0.0,0.00032,0.00035,0.052463478260869556,0.16,0.05278347826086956,0.21281347826086955,-3.536086956521739,8.640434782608695
1,3,1.8808521739130435,87.33226243678178,0.0,0.00032,0.00035,0.05105695652173912,0.16,0.05137695652173912,0.21140695652173913,-3.536086956521739,8.640434782608695
1,4,1.845913043478261,82.94242811887919,0.0,0.00032,0.00035,0.052010434782608694,0.16,0.052330434782608695,0.2123604347826087,-5.900434782608696,10.586521739130434
1,5,1.7909043478260869,84.73726565788407,0.0,0.00032,0.00035,0.06037478260869565,0.16,0.06069478260869565,0.22072478260869566,-5.900434782608696,10.586521739130434
1,6,1.7566782608695655,116.2381568636884,0.0,0.00032,0.00035,0.07294739130434781,0.16,0.07326739130434781,0.23329739130434785,-5.900434782608696,10.586521739130434
1,7,1.7133913043478262,116.73140817650001,0.0,0.00667,0.00745,0.08327652173913043,0.16,0.08994652173913043,0.2507265217391304,-5.900434782608696,10.586521739130434
1,8,1.691991304347826,109.9745391396884,2.0776434782608697,0.00667,0.00745,0.08460173913043477,0.16,0.09127173913043475,0.25205173913043477,-6.800869565217392,10.270434782608696
1,9,2.0299391304347827,116.01885969858611,27.597686956521738,0.00667,0.00745,0.08253434782608694,0.16,0.08920434782608691,0.24998434782608694,-6.800869565217392,10.270434782608696
1,10,2.682486956521739,114.38079358582608,67.99914782608695,0.00667,0.00745,0.07872043478260869,0.16,0.08539043478260867,0.24617043478260867,-6.800869565217392,10.270434782608696
1,11,3.1816782608695653,115.8306640259101,97.01758260869565,0.00667,0.00745,0.07291565217391302,0.16,0.079585652173913,0.24036565217391304,-6.800869565217392,10.270434782608696
1,12,3.443373913043478,121.58316108947827,105.1630347826087,0.00667,0.00745,0.07276260869565217,0.16,0.07943260869565213,0.24021260869565217,-5.310434782608696,13.656521739130437
1,13,3.4396,124.51059870285508,88.2184,0.00667,0.00745,0.07547565217391304,0.16,0.08214565217391302,0.24292565217391307,-5.310434782608696,13.656521739130437
1,14,3.103234782608696,117.67097903269566,52.6433652173913,0.00667,0.00745,0.07802086956521738,0.16,0.08469086956521736,0.2454708695652174,-5.310434782608696,13.656521739130437
1,15,2.5212434782608697,118.40630556611595,13.271052173913043,0.00667,0.00745,0.08163608695652173,0.16,0.0883060869565217,0.24908608695652174,-5.310434782608696,13.656521739130437
1,16,2.169513043478261,113.39366769621014,0.16141739130434782,0.00667,0.00745,0.09251521739130433,0.16,0.09918521739130431,0.25996521739130435,-7.028260869565218,10.691739130434783
1,17,2.0783565217391304,110.7047687656511,0.0,0.05743,0.06809,0.09772478260869563,0.16,0.15515478260869564,0.3258147826086956,-7.028260869565218,10.691739130434783
1,18,2.045017391304348,108.45337078279151,0.0,0.05743,0.06809,0.09010956521739129,0.16,0.14753956521739128,0.3181995652173913,-7.028260869565218,10.691739130434783
1,19,1.9826521739130434,116.10255095870632,0.0,0.05743,0.06809,0.08427478260869564,0.16,0.14170478260869565,0.31236478260869566,-7.028260869565218,10.691739130434783
1,20,1.9248608695652174,110.8631942903066,0.0,0.00667,0.00745,0.07544521739130433,0.16,0.08211521739130431,0.24289521739130432,-5.94,9.172173913043478
1,21,1.8536695652173913,105.14734109685509,0.0,0.00667,0.00745,0.07150695652173912,0.16,0.0781769565217391,0.23895695652173912,-5.94,9.172173913043478
1,22,1.7877652173913043,75.13890387624637,0.0,0.00032,0.00035,0.06336086956521739,0.16,0.06368086956521739,0.22371086956521738,-5.94,9.172173913043478
1,23,1.750478260869565,67.3655129919058,0.0,0.00032,0.00035,0.059389999999999984,0.16,0.05971,0.21974,-5.94,9.172173913043478
2,0,1.60545,72.31673393633334,0.0,0.00032,0.00035,0.06881124999999999,0.16,0.06913125,0.22916124999999998,-5.955,8.7275
2,1,1.642125,81.047110132,0.0,0.00032,0.00035,0.06580625,0.16,0.06612625,0.22615625,-5.955,8.7275
2,2,1.677425,84.50212709387228,0.0,0.00032,0.00035,0.06104749999999999,0.16,0.06136749999999999,0.2213975,-5.955,8.7275
2,3,1.7333,93.2956026514832,0.0,0.00032,0.00035,0.058007500000000004,0.16,0.0583275,0.2183575,-5.955,8.7275
2,4,1.72275,86.98158400672916,0.0,0.00032,0.00035,0.05684124999999999,0.16,0.057161250000000004,0.21719125,-6.1362499999999995,9.19375
2,5,1.6929750000000001,85.99039901914583,0.0,0.00032,0.00035,0.05683625,0.16,0.05715625,0.21718625,-6.1362499999999995,9.19375
2,6,1.684425,111.37923630487501,0.0,0.00032,0.00035,0.060693749999999984,0.16,0.061013749999999985,0.22104375,-6.1362499999999995,9.19375
2,7,1.696375,116.95424682466667,0.0,0.00032,0.00035,0.06439874999999999,0.16,0.06471874999999999,0.22474875,-6.1362499999999995,9.19375
2,8,1.77955,107.91072568775,1.772725,0.00032,0.00035,0.06937375,0.16,0.06969375,0.22972375,-6.44625,8.85875
2,9,2.14955,111.340798840875,25.887425,0.00032,0.00035,0.07042499999999999,0.16,0.07074499999999999,0.230775,-6.44625,8.85875
2,10,2.789525,118.72011451752084,62.165725,0.00667,0.00745,0.07048999999999998,0.16,0.07715999999999998,0.23794,-6.44625,8.85875
2,11,3.2994000000000003,118.405330212125,89.909325,0.00667,0.00745,0.07056375,0.16,0.07723375,0.23801375,-6.44625,8.85875
2,12,3.584675,121.1666388166875,97.1955,0.00667,0.00745,0.06848,0.16,0.07514999999999998,0.23593,-7.4975000000000005,9.90625
2,13,3.6189,123.88907988091667,79.30369999999999,0.00667,0.00745,0.06892499999999999,0.16,0.07559499999999997,0.236375,-7.4975000000000005,9.90625
2,14,3.4051,116.23676666402083,47.757225,0.00667,0.00745,0.06942749999999999,0.16,0.07609749999999997,0.23687750000000002,-7.4975000000000005,9.90625
2,15,2.926075,111.99028863291666,12.964775,0.00667,0.00745,0.07289749999999999,0.16,0.07956749999999996,0.2403475,-7.4975000000000005,9.90625
2,16,2.4991000000000003,93.49859853254166,0.09437499999999999,0.00667,0.00745,0.08235874999999998,0.16,0.08902874999999995,0.24980874999999997,-6.54125,10.84
2,17,2.376825,89.40952012220833,0.0,0.00667,0.00745,0.093885,0.16,0.10055499999999996,0.261335,-6.54125,10.84
2,18,2.272325,87.07085189229167,0.0,0.00667,0.00745,0.0892375,0.16,0.09590749999999998,0.2566875,-6.54125,10.84
2,19,2.22535,93.2680876680625,0.0,0.00667,0.00745,0.07760875,0.16,0.08427874999999994,0.24505874999999996,-6.54125,10.84
2,20,2.226075,95.27770654870834,0.0,0.00667,0.00745,0.07197499999999998,0.16,0.07864499999999998,0.239425,-5.2425,8.9475
2,21,2.243375,92.27428373424999,0.0,0.00667,0.00745,0.07145125,0.16,0.07812125,0.23890124999999998,-5.2425,8.9475
2,22,2.192775,77.10349194627084,0.0,0.00032,0.00035,0.06476875,0.16,0.06508875,0.22511875,-5.2425,8.9475
2,23,2.16005,72.05203548310416,0.0,0.00032,0.00035,0.06252249999999998,0.16,0.06284249999999998,0.2228725,-5.2425,8.9475
3,0,1.9028761904761904,66.03186590883334,0.0,0.00032,0.00035,0.0493885714285714,0.16,0.049708571428571414,0.20973857142857144,-2.1933333333333334,5.8723809523809525
3,1,1.8828,71.840269552,0.0,0.00032,0.00035,0.048413333333333294,0.16,0.048733333333333316,0.20876333333333333,-2.1933333333333334,5.8723809523809525
3,2,1.9133904761904763,67.93830228253968,0.0,0.00032,0.00035,0.04447999999999998,0.16,0.044799999999999986,0.20482999999999998,-2.1933333333333334,5.8723809523809525
3,3,1.9333428571428573,75.72683273711111,0.0,0.00032,0.00035,0.04321238095238094,0.16,0.04353238095238095,0.20356238095238094,-2.1933333333333334,5.8723809523809525
3,4,1.990257142857143,78.30250315267888,0.0,0.00032,0.00035,0.04527999999999999,0.16,0.045599999999999995,0.20562999999999998,-4.5304761904761905,7.2057142857142855
3,5,2.0521238095238097,80.88136860653174,0.0,0.00032,0.00035,0.052896666666666654,0.16,0.053216666666666655,0.21324666666666667,-4.5304761904761905,7.2057142857142855
3,6,2.0937333333333337,104.99110835094444,0.0,0.00032,0.00035,0.0645304761904762,0.16,0.06485047619047618,0.2248804761904762,-4.5304761904761905,7.2057142857142855
3,7,2.1682761904761905,108.53723774095054,3.98507619047619,0.00667,0.00745,0.07116952380952381,0.16,0.07783952380952378,0.2386195238095238,-4.5304761904761905,7.2057142857142855
3,8,2.5880857142857145,104.22641482580461,39.317638095238095,0.00667,0.00745,0.07029571428571428,0.16,0.07696571428571426,0.23774571428571428,-4.92,6.615714285714286
3,9,3.2980095238095237,110.2585598045,97.01660952380952,0.00667,0.00745,0.06739904761904761,0.16,0.0740690476190476,0.2348490476190476,-4.92,6.615714285714286
3,10,4.024352380952381,107.38113564929365,150.66919047619047,0.00667,0.00745,0.0627895238095238,0.16,0.06945952380952379,0.23023952380952378,-4.92,6.615714285714286
3,11,4.5514,109.63481715046973,187.71560952380952,0.00667,0.00745,0.06002095238095237,0.16,0.06669095238095235,0.22747095238095238,-4.92,6.615714285714286
3,12,4.875066666666667,116.86282270173507,201.02188571428573,0.00667,0.00745,0.06033619047619047,0.16,0.06700619047619046,0.22778619047619048,-4.967142857142857,8.28
3,13,4.993085714285714,115.98799176741484,189.51451428571428,0.00667,0.00745,0.05975285714285714,0.16,0.06642285714285713,0.22720285714285712,-4.967142857142857,8.28
3,14,4.844028571428571,110.37479279254177,149.35450476190476,0.00667,0.00745,0.0609395238095238,0.16,0.0676095238095238,0.2283895238095238,-4.967142857142857,8.28
3,15,4.368333333333333,110.36463933152429,82.48178095238096,0.00667,0.00745,0.0626295238095238,0.16,0.06929952380952378,0.23007952380952382,-4.967142857142857,8.28
3,16,3.619561904761905,103.96281337120635,23.659990476190476,0.00667,0.00745,0.06835047619047617,0.16,0.07502047619047617,0.2358004761904762,-5.793333333333333,7.980952380952381
3,17,3.015561904761905,100.7856131738254,0.7510285714285714,0.057429999999999995,0.06809,0.07735285714285713,0.16,0.13478285714285715,0.3054428571428571,-5.793333333333333,7.980952380952381
3,18,2.7678857142857147,101.28741311109525,0.0,0.057429999999999995,0.06809,0.0775947619047619,0.16,0.1350247619047619,0.3056847619047619,-5.793333333333333,7.980952380952381
3,19,2.614209523809524,108.10550229507143,0.0,0.057429999999999995,0.06809,0.07448523809523808,0.16,0.13191523809523809,0.30257523809523806,-5.793333333333333,7.980952380952381
3,20,2.483904761904762,103.99216639226985,0.0,0.00667,0.00745,0.06493285714285713,0.16,0.07160285714285711,0.2323828571428571,-4.563809523809524,6.432380952380953
3,21,2.344047619047619,99.39774226384127,0.0,0.00667,0.00745,0.061929999999999985,0.16,0.06859999999999997,0.22937999999999997,-4.563809523809524,6.432380952380953
3,22,2.2353809523809525,69.40958086503628,0.0,0.00032,0.00035,0.05431333333333332,0.16,0.05463333333333333,0.21466333333333334,-4.563809523809524,6.432380952380953
3,23,2.2029714285714284,61.77349576184127,0.0,0.00032,0.00035,0.051676666666666655,0.16,0.051996666666666656,0.21202666666666667,-4.563809523809524,6.432380952380953
4,0,2.0307,65.72508298318749,0.0,0.00032,0.00035,0.05143499999999999,0.16,0.05175499999999999,0.211785,-1.48625,5.16625
4,1,1.9778250000000002,70.1639174783125,0.0,0.00032,0.00035,0.050031249999999985,0.16,0.05035125,0.21038125,-1.48625,5.16625
4,2,1.9618250000000002,68.96408301277083,0.0,0.00032,0.00035,0.0458125,0.16,0.0461325,0.2061625,-1.48625,5.16625
4,3,1.91465,72.96060623418751,0.0,0.00032,0.00035,0.04381374999999998,0.16,0.04413374999999998,0.20416375,-1.48625,5.16625
4,4,1.8657,72.6206715061045,0.0,0.00032,0.00035,0.04266249999999997,0.16,0.042982499999999986,0.20301249999999998,-3.13,6.7325
4,5,1.78765,79.17753414572917,0.0,0.00032,0.00035,0.04323999999999999,0.16,0.04355999999999999,0.20359,-3.13,6.7325
4,6,1.73895,107.89128705174436,0.0,0.00032,0.00035,0.04837125,0.16,0.04869125,0.20872125,-3.13,6.7325
4,7,1.73605,104.5299754202361,3.4091500000000003,0.00032,0.00035,0.04935249999999997,0.16,0.04967249999999999,0.20970250000000001,-3.13,6.7325
4,8,2.102675,94.84233794682078,38.344675,0.00032,0.00035,0.054894999999999985,0.16,0.055214999999999986,0.215245,-4.22375,6.50875
4,9,2.77805,99.85155100172916,103.56875,0.00032,0.00035,0.060619999999999986,0.16,0.06094,0.22097,-4.22375,6.50875
4,10,3.384725,111.779301575,158.02785,0.00667,0.00745,0.061361249999999985,0.16,0.06803124999999999,0.22881125,-4.22375,6.50875
4,11,3.8680000000000003,117.24092124297916,181.73725000000002,0.00667,0.00745,0.05952374999999997,0.16,0.06619375,0.22697375,-4.22375,6.50875
4,12,4.1325,118.3183430415,188.49665,0.00667,0.00745,0.060242500000000004,0.16,0.0669125,0.2276925,-4.9325,7.98
4,13,4.212925,119.84615366652083,175.42315000000002,0.00667,0.00745,0.05531749999999998,0.16,0.06198749999999999,0.22276749999999998,-4.9325,7.98
4,14,4.0399,112.30413314456251,130.632575,0.00667,0.00745,0.054007499999999986,0.16,0.06067749999999998,0.2214575,-4.9325,7.98
4,15,3.5451750000000004,109.45255859102083,68.267075,0.00667,0.00745,0.05648625,0.16,0.06315625,0.22393625,-4.9325,7.98
4,16,2.8164249999999997,87.4435175328125,17.3115,0.00667,0.00745,0.06605999999999994,0.16,0.07272999999999995,0.23350999999999997,-4.5475,7.52875
4,17,2.22275,82.33966298952083,0.30565,0.00667,0.00745,0.07986874999999997,0.16,0.08653874999999997,0.24731875,-4.5475,7.52875
4,18,1.962525,81.490221992625,0.0,0.00667,0.00745,0.07960874999999999,0.16,0.08627874999999999,0.24705875,-4.5475,7.52875
4,19,1.835075,88.38502217247917,0.0,0.00667,0.00745,0.06800874999999998,0.16,0.07467874999999996,0.23545875,-4.5475,7.52875
4,20,1.7785000000000002,88.05000121477083,0.0,0.00667,0.00745,0.05906499999999996,0.16,0.06573499999999997,0.226515,-2.7625,5.8275
4,21,1.699325,91.4592403533125,0.0,0.00667,0.00745,0.05831625,0.16,0.06498624999999998,0.22576625,-2.7625,5.8275
4,22,1.5845,73.38922523202083,0.0,0.00032,0.00035,0.05009125,0.16,0.05041125,0.21044125,-2.7625,5.8275
4,23,1.4690250000000002,66.45244733570833,0.0,0.00032,0.00035,0.04874875,0.16,0.04906875,0.20909875,-2.7625,5.8275
5,0,2.298314285714286,65.06221940083333,0.0,0.00032,0.00035,0.05772809523809523,0.16,0.05804809523809523,0.2180780952380952,-3.5023809523809524,5.95952380952381
5,1,2.263304761904762,70.44139365823679,0.0,0.00032,0.00035,0.05653142857142855,0.16,0.05685142857142855,0.21688142857142856,-3.5023809523809524,5.95952380952381
5,2,2.0540190476190476,68.14951556883334,0.0,0.00032,0.00035,0.0534995238095238,0.16,0.053819523809523796,0.21384952380952382,-3.5023809523809524,5.95952380952381
5,3,1.9724285714285714,75.2666429773103,0.0,0.00032,0.00035,0.052083809523809504,0.16,0.05240380952380952,0.2124338095238095,-3.5023809523809524,5.95952380952381
5,4,1.8813904761904763,72.66347678703968,0.0,0.00032,0.00035,0.05321999999999998,0.16,0.05353999999999998,0.21356999999999998,-5.3776190476190475,6.906666666666666
5,5,1.8317714285714284,74.92332073405557,0.00046666666666666666,0.00032,0.00035,0.061872380952380956,0.16,0.06219238095238096,0.22222238095238095,-5.3776190476190475,6.906666666666666
5,6,1.8565809523809524,106.39263613916667,6.632028571428572,0.00032,0.00035,0.07248999999999999,0.16,0.07280999999999999,0.23284,-5.3776190476190475,6.906666666666666
5,7,2.4910666666666668,106.0643389395,55.155676190476186,0.00667,0.00745,0.07731285714285714,0.16,0.08398285714285711,0.24476285714285714,-5.3776190476190475,6.906666666666666
5,8,3.540304761904762,106.40594653619738,138.23338095238094,0.00667,0.00745,0.07546142857142854,0.16,0.08213142857142855,0.24291142857142858,-4.204761904761905,5.3533333333333335
5,9,4.491028571428571,112.52411075263493,226.79254285714285,0.00667,0.00745,0.07270857142857141,0.16,0.0793785714285714,0.24015857142857144,-4.204761904761905,5.3533333333333335
5,10,5.2987142857142855,111.00113058319047,296.0041142857143,0.00667,0.00745,0.06518142857142857,0.16,0.07185142857142855,0.23263142857142854,-4.204761904761905,5.3533333333333335
5,11,5.918942857142857,113.02324107115871,337.68260952380956,0.00667,0.00745,0.06218952380952379,0.16,0.06885952380952379,0.2296395238095238,-4.204761904761905,5.3533333333333335
5,12,6.31924761904762,114.76283579419842,347.3817523809524,0.00667,0.00745,0.06082190476190476,0.16,0.06749190476190475,0.22827190476190476,-4.410952380952381,7.7923809523809515
5,13,6.492752380952381,116.13019746929365,318.4752476190476,0.00667,0.00745,0.058159999999999976,0.16,0.06482999999999998,0.22560999999999998,-4.410952380952381,7.7923809523809515
5,14,6.4395428571428575,109.62780531788096,264.6828952380952,0.00667,0.00745,0.057776666666666664,0.16,0.06444666666666665,0.22522666666666666,-4.410952380952381,7.7923809523809515
5,15,6.1800476190476195,109.51044385024603,191.50521904761905,0.00667,0.00745,0.06109904761904762,0.16,0.0677690476190476,0.22854904761904762,-4.410952380952381,7.7923809523809515
5,16,5.634457142857142,102.48998329314286,112.8998380952381,0.00667,0.00745,0.06873333333333334,0.16,0.07540333333333331,0.23618333333333336,-4.868095238095238,6.896190476190476
5,17,4.66167619047619,98.45248672315873,40.13472380952381,0.057429999999999995,0.06809,0.08082333333333332,0.16,0.13825333333333334,0.3089133333333333,-4.868095238095238,6.896190476190476
5,18,3.8418857142857146,100.01308842717665,6.973304761904762,0.057429999999999995,0.06809,0.08934523809523809,0.16,0.1467752380952381,0.31743523809523805,-4.868095238095238,6.896190476190476
5,19,3.414828571428571,106.23647388309523,0.638104761904762,0.057429999999999995,0.06809,0.08073142857142855,0.16,0.13816142857142855,0.3088214285714286,-4.868095238095238,6.896190476190476
5,20,3.1292761904761903,101.75668628798411,0.0,0.00667,0.00745,0.06871380952380951,0.16,0.07538380952380949,0.23616380952380953,-3.8404761904761906,6.351428571428571
5,21,2.901847619047619,94.96309744834127,0.0,0.00667,0.00745,0.06418333333333333,0.16,0.0708533333333333,0.23163333333333333,-3.8404761904761906,6.351428571428571
5,22,2.710542857142857,67.32198225105556,0.0,0.00032,0.00035,0.056802857142857134,0.16,0.057122857142857135,0.21715285714285712,-3.8404761904761906,6.351428571428571
5,23,2.556180952380952,60.94917953433334,0.0,0.00032,0.00035,0.05405238095238094,0.16,0.05437238095238094,0.21440238095238093,-3.8404761904761906,6.351428571428571
6,0,2.81582,63.93228971805238,0.0,0.00032,0.00035,0.04674599999999999,0.16,0.047066,0.207096,-3.0170000000000003,5.382
6,1,2.729765,68.55988921857143,0.0,0.00032,0.00035,0.04485499999999999,0.16,0.045175,0.205205,-3.0170000000000003,5.382
6,2,2.50726,69.35010443041078,0.0,0.00032,0.00035,0.043391,0.16,0.043711,0.203741,-3.2963636363636364,5.479090909090909
6,3,2.36632,74.36105365913333,0.0,0.00032,0.00035,0.042229,0.16,0.042549,0.20257899999999998,-3.009,5.443
6,4,2.27392,72.07312965331667,0.0,0.00032,0.00035,0.040822999999999984,0.16,0.041143,0.201173,-2.674,6.568
6,5,2.16128,75.62764722897381,0.001,0.00032,0.00035,0.04157899999999999,0.16,0.041899,0.20192899999999997,-2.674,6.568
6,6,2.1275,101.51168567219285,5.23556,0.00032,0.00035,0.04620099999999999,0.16,0.046521,0.20655099999999998,-2.674,6.568
6,7,2.75168,97.38357191029762,52.69761999999999,0.00032,0.00035,0.046077999999999994,0.16,0.046398,0.206428,-2.3729999999999998,6.523999999999999
6,8,3.80446,91.20910067430582,134.23354,0.00032,0.00035,0.051266999999999986,0.16,0.05158699999999998,0.211617,-2.316,5.183
6,9,4.70886,97.87502122709523,222.20598,0.0009549999999999999,0.00106,0.05303999999999999,0.16,0.053994999999999994,0.2141,-2.316,5.183
6,10,5.52708,107.52071402637618,297.08662,0.00667,0.00745,0.051765000000000005,0.16,0.058435,0.219215,-2.316,5.183
6,11,6.14818,108.1475190849,341.65422,0.00667,0.00745,0.05198399999999999,0.16,0.05865399999999997,0.219434,-2.414,5.323
6,12,6.543819999999999,114.1873244652024,356.29792000000003,0.00667,0.00745,0.05523799999999999,0.16,0.06190799999999998,0.222688,-3.084,7.697
6,13,6.7226799999999995,112.77529058924661,331.9676,0.00667,0.00745,0.053794999999999996,0.16,0.060465000000000005,0.22124499999999997,-3.084,7.697
6,14,6.6432,104.45021324258134,277.79512,0.00667,0.00745,0.052268,0.16,0.05893799999999999,0.219718,-3.084,7.697
6,15,6.32674,100.72472853734286,207.22704,0.00667,0.00745,0.053226999999999955,0.16,0.05989699999999996,0.22067699999999996,-3.2590000000000003,7.795
6,16,5.800800000000001,81.73438317871944,128.51997999999998,0.00667,0.00745,0.061919999999999996,0.16,0.06858999999999997,0.22937,-4.793,7.76
6,17,4.9408,77.57287451424286,55.61652,0.00667,0.00745,0.07572899999999999,0.16,0.08239899999999993,0.24317899999999998,-4.793,7.76
6,18,4.18762,81.34797343338433,15.39282,0.00667,0.00745,0.08353499999999998,0.16,0.09020499999999997,0.250985,-4.793,7.76
6,19,3.6628,85.91321989920714,2.26182,0.00667,0.00745,0.07925399999999999,0.16,0.08592399999999997,0.24670399999999998,-4.681,7.56
6,20,3.30234,82.21232950169048,0.0,0.00667,0.00745,0.06703299999999998,0.16,0.07370299999999996,0.234483,-4.604,6.43
6,21,3.00246,80.20740859327381,0.0,0.006035,0.00674,0.060685,0.16,0.06671999999999997,0.227425,-4.604,6.43
6,22,2.7524,66.68146624258333,0.0,0.00032,0.00035,0.05620499999999999,0.16,0.056525000000000006,0.216555,-4.604,6.43
6,23,2.59268,64.0158786272381,0.0,0.00032,0.00035,0.050998999999999996,0.16,0.05131899999999999,0.211349,-4.468999999999999,6.409000000000001
7,0,3.7153272727272726,69.37903457156818,0.0,0.00032,0.00035,0.040202272727272725,0.16,0.04052227272727272,0.20055227272727272,-0.3595454545454546,7.588636363636363
7,1,3.4597545454545453,68.10920034442425,0.0,0.00032,0.00035,0.03999363636363635,0.16,0.040313636363636364,0.20034363636363636,-0.3595454545454546,7.588636363636363
7,2,3.222772727272728,72.42331722372214,0.0,0.00032,0.00035,0.03958954545454544,0.16,0.03990954545454545,0.19993954545454545,-0.3595454545454546,7.588636363636363
7,3,3.028054545454545,68.23803529168804,0.0,0.00032,0.00035,0.04002681818181816,0.16,0.04034681818181818,0.20037681818181818,-3.7613636363636362,9.328181818181818
7,4,2.8771,71.1507407024697,0.0,0.00032,0.00035,0.04859136363636363,0.16,0.04891136363636362,0.20894136363636362,-3.7613636363636362,9.328181818181818
7,5,2.7697818181818183,106.09681147873485,0.16473636363636365,0.00032,0.00035,0.07067772727272727,0.16,0.07099772727272727,0.23102772727272727,-3.7613636363636362,9.328181818181818
7,6,2.937672727272727,101.99727297152272,16.49071818181818,0.006669999999999999,0.007449999999999999,0.07979045454545453,0.16,0.0864604545454545,0.24724045454545454,-3.7613636363636362,9.328181818181818
7,7,3.9449181818181818,100.1882267999015,84.45989090909092,0.006669999999999999,0.007449999999999999,0.07668363636363636,0.16,0.08335363636363634,0.24413363636363636,-2.1913636363636364,7.6863636363636365
7,8,5.110981818181818,105.27843096706061,189.44804545454545,0.006669999999999999,0.007449999999999999,0.0692181818181818,0.16,0.0758881818181818,0.2366681818181818,-2.1913636363636364,7.6863636363636365
7,9,6.353172727272727,106.20587075141397,300.6487272727273,0.006669999999999999,0.007449999999999999,0.060614999999999995,0.16,0.06728499999999998,0.228065,-2.1913636363636364,7.6863636363636365
7,10,7.471954545454546,107.30992362351664,400.18882727272734,0.006669999999999999,0.007449999999999999,0.055593181818181805,0.16,0.06226318181818181,0.22304318181818183,-2.1913636363636364,7.6863636363636365
7,11,8.352872727272727,112.72401195507577,470.95870909090905,0.006669999999999999,0.007449999999999999,0.053994999999999994,0.16,0.06066499999999999,0.221445,-2.0145454545454546,9.07
7,12,9.026572727272727,111.8713541321894,509.2140727272727,0.006669999999999999,0.007449999999999999,0.04748454545454545,0.16,0.05415454545454543,0.21493454545454546,-2.0145454545454546,9.07
7,13,9.464818181818181,104.64800180187122,509.7838181818182,0.006669999999999999,0.007449999999999999,0.04562363636363635,0.16,0.052293636363636355,0.21307363636363635,-2.0145454545454546,9.07
7,14,9.6752,104.47703596395633,477.2233545454546,0.006669999999999999,0.007449999999999999,0.047317727272727254,0.16,0.05398772727272725,0.21476772727272725,-2.0145454545454546,9.07
7,15,9.663490909090909,97.60225370053787,416.78759090909085,0.006669999999999999,0.007449999999999999,0.056993181818181804,0.16,0.0636631818181818,0.2244431818181818,-4.247272727272727,9.998636363636363
7,16,9.447209090909091,94.76502602324821,331.3525818181818,0.05743,0.06809,0.07037136363636363,0.16,0.12780136363636363,0.29846136363636366,-4.247272727272727,9.998636363636363
7,17,9.013145454545453,95.17308876214942,236.26812727272727,0.05743,0.06809,0.08223727272727271,0.16,0.13966727272727272,0.31032727272727273,-4.247272727272727,9.998636363636363
7,18,8.274472727272727,98.32438221810607,135.06154545454544,0.05743,0.06809,0.08447227272727272,0.16,0.1419022727272727,0.3125622727272727,-4.247272727272727,9.998636363636363
7,19,7.052354545454546,93.88959266106818,49.083372727272724,0.006669999999999999,0.007449999999999999,0.08000090909090908,0.16,0.08667090909090903,0.24745090909090905,-2.563181818181818,6.627272727272728
7,20,5.756518181818182,82.06459145484042,4.756154545454546,0.006669999999999999,0.007449999999999999,0.06822181818181818,0.16,0.07489181818181816,0.23567181818181818,-2.563181818181818,6.627272727272728
7,21,5.059990909090909,62.61841827255526,0.0,0.00032,0.00035,0.054790454545454545,0.16,0.05511045454545454,0.21514045454545452,-2.563181818181818,6.627272727272728
7,22,4.607745454545455,59.983142901598484,0.0,0.00032,0.00035,0.04992090909090907,0.16,0.050240909090909086,0.2102709090909091,-2.563181818181818,6.627272727272728
7,23,4.237881818181818,65.28020203435607,0.0,0.00032,0.00035,0.043178636363636363,0.16,0.043498636363636364,0.20352863636363636,-0.6595454545454547,7.331818181818182
8,0,3.3459250000000003,67.98597290372916,0.0,0.00032,0.00035,0.03918375,0.16,0.039503750000000004,0.19953375,-0.18500000000000008,5.72375
8,1,3.0448000000000004,63.79658425614205,0.0,0.00032,0.00035,0.03714625,0.16,0.03746625,0.19749624999999998,-0.18500000000000008,5.72375
8,2,2.794225,66.42543440716666,0.0,0.00032,0.00035,0.03305500000000003,0.16,0.03337500000000002,0.193405,-0.18500000000000008,5.72375
8,3,2.58345,66.0662712223482,0.0,0.00032,0.00035,0.03191625,0.16,0.032236250000000015,0.19226625,-1.2850000000000001,7.34875
8,4,2.397825,68.07816694566667,0.0,0.00032,0.00035,0.03210125,0.16,0.03242125,0.19245125,-1.2850000000000001,7.34875
8,5,2.231775,97.63889799372619,0.169475,0.00032,0.00035,0.03546500000000001,0.16,0.03578500000000001,0.195815,-1.2850000000000001,7.34875
8,6,2.436575,99.38438854182144,19.060925,0.00032,0.00035,0.03743125,0.16,0.03775125,0.19778125,-1.2850000000000001,7.34875
8,7,3.6683,90.93213870438393,89.196575,0.00032,0.00035,0.03750374999999999,0.16,0.03782375,0.19785375,0.17999999999999994,6.3425
8,8,4.750275,98.70412057742263,184.70535,0.00032,0.00035,0.0389725,0.16,0.039292499999999994,0.1993225,0.17999999999999994,6.3425
8,9,5.9434,104.85061416960417,299.884675,0.00667,0.00745,0.037511249999999996,0.16,0.044181249999999984,0.20496124999999998,0.17999999999999994,6.3425
8,10,7.097925,101.21956176883631,415.1678,0.00667,0.00745,0.03548874999999997,0.16,0.042158749999999995,0.20293875,0.17999999999999994,6.3425
8,11,8.0488,111.07815799018749,501.82407500000005,0.00667,0.00745,0.035575,0.16,0.042245,0.203025,1.97375,7.98625
8,12,8.80275,112.22405635069315,551.57855,0.00667,0.00745,0.02783624999999999,0.16,0.03450624999999999,0.19528625,1.97375,7.98625
8,13,9.2947,100.27064322251299,549.0436,0.00667,0.00745,0.024198749999999998,0.16,0.03086875000000001,0.19164875,1.97375,7.98625
8,14,9.540025,93.32337240485417,515.367575,0.00667,0.00745,0.0258975,0.16,0.0325675,0.19334749999999998,1.97375,7.98625
8,15,9.55525,79.6835635823125,453.09049999999996,0.00667,0.00745,0.036813749999999985,0.16,0.04348374999999996,0.20426375,-3.215,10.28
8,16,9.340075,76.28991528564583,361.695125,0.00667,0.00745,0.05252624999999998,0.16,0.059196249999999964,0.21997624999999998,-3.215,10.28
8,17,8.901675000000001,75.96494182629166,256.874775,0.00667,0.00745,0.06732999999999999,0.16,0.07399999999999995,0.23478,-3.215,10.28
8,18,8.20705,79.80639990041666,150.82095,0.00667,0.00745,0.06803499999999998,0.16,0.074705,0.235485,-3.215,10.28
8,19,7.06335,78.8682446131642,58.396475,0.00667,0.00745,0.06712999999999998,0.16,0.07379999999999998,0.23458,-1.1624999999999999,6.07
8,20,5.63375,74.023479010375,5.5728,0.00667,0.00745,0.05812375,0.16,0.06479375,0.22557375,-1.1624999999999999,6.07
8,21,4.81645,61.758961766604166,0.0,0.00032,0.00035,0.04238249999999999,0.16,0.0427025,0.2027325,-1.1624999999999999,6.07
8,22,4.318725,62.5903646241875,0.0,0.00032,0.00035,0.03675374999999999,0.16,0.03707374999999999,0.19710375,-1.1624999999999999,6.07
8,23,3.905425,67.35693736952084,0.0,0.00032,0.00035,0.033396250000000016,0.16,0.03371625000000002,0.19374625,0.47124999999999995,6.26875
9,0,6.843234782608695,72.2777863214203,0.0,0.00032,0.00035,0.06069956521739129,0.16,0.06101956521739129,0.2210495652173913,-4.293478260869565,6.493913043478261
9,1,6.564,68.2807627175559,0.0,0.00032,0.00035,0.05814608695652172,0.16,0.05846608695652174,0.21849608695652173,-4.293478260869565,6.493913043478261
9,2,6.341052173913043,71.82093302805443,0.0,0.00032,0.00035,0.05653,0.16,0.05685,0.21688000000000002,-4.293478260869565,6.493913043478261
9,3,6.152982608695652,66.4677258521325,0.0,0.00032,0.00035,0.05794478260869564,0.16,0.058264782608695644,0.21829478260869567,-6.526521739130436,7.102608695652173
9,4,5.98788695652174,70.52079381074327,0.19844347826086955,0.00032,0.00035,0.06430260869565216,0.16,0.06462260869565217,0.22465260869565218,-6.526521739130436,7.102608695652173
9,5,6.090852173913043,112.91994076420706,15.663104347826087,0.00032,0.00035,0.08000086956521738,0.16,0.08032086956521738,0.24035086956521737,-6.526521739130436,7.102608695652173
9,6,6.8725826086956525,110.97759293865687,71.49651304347826,0.00667,0.00745,0.0855795652173913,0.16,0.09224956521739126,0.2530295652173913,-6.526521739130436,7.102608695652173
9,7,7.723643478260869,109.02476782911593,153.8674,0.00667,0.00745,0.08627173913043476,0.16,0.09294173913043474,0.2537217391304348,-5.780869565217392,6.191739130434782
9,8,8.660834782608696,113.32240020913044,262.6325304347826,0.00667,0.00745,0.08365304347826086,0.16,0.09032304347826084,0.2511030434782609,-5.780869565217392,6.191739130434782
9,9,9.671869565217392,110.36337133644307,373.994052173913,0.00667,0.00745,0.07742478260869565,0.16,0.08409478260869563,0.24487478260869563,-5.780869565217392,6.191739130434782
9,10,10.525817391304347,110.65467563109961,460.80845217391305,0.00667,0.00745,0.07385608695652172,0.16,0.08052608695652168,0.2413060869565217,-5.780869565217392,6.191739130434782
9,11,11.24255652173913,113.28368520185404,528.2847652173913,0.00667,0.00745,0.0708578260869565,0.16,0.07752782608695648,0.2383078260869565,-5.229130434782609,7.306956521739131
9,12,11.819678260869566,113.20093941239854,562.7958086956521,0.00667,0.00745,0.06457173913043478,0.16,0.07124173913043476,0.23202173913043478,-5.229130434782609,7.306956521739131
9,13,12.20455652173913,107.94989283765942,562.3381130434783,0.00667,0.00745,0.06071782608695652,0.16,0.06738782608695651,0.22816782608695654,-5.229130434782609,7.306956521739131
9,14,12.410565217391303,107.68148262973914,541.8708173913044,0.00667,0.00745,0.06221739130434782,0.16,0.06888739130434779,0.22966739130434782,-5.229130434782609,7.306956521739131
9,15,12.39468695652174,101.22243591263043,482.07597391304347,0.00667,0.00745,0.06963565217391304,0.16,0.07630565217391302,0.23708565217391303,-7.023913043478261,7.132173913043478
9,16,12.190591304347826,100.04271320476812,398.84686956521745,0.05743,0.06809,0.08007173913043476,0.16,0.13750173913043479,0.30816173913043476,-7.023913043478261,7.132173913043478
9,17,11.808634782608694,102.28609692514054,304.7216347826087,0.05743,0.06809,0.0906295652173913,0.16,0.1480595652173913,0.3187195652173913,-7.023913043478261,7.132173913043478
9,18,11.26848695652174,102.74674692703623,212.11013043478263,0.05743,0.06809,0.09434565217391302,0.16,0.15177565217391303,0.322435652173913,-7.023913043478261,7.132173913043478
9,19,10.528173913043478,93.75002747789131,120.97126956521738,0.00667,0.00745,0.08922173913043477,0.16,0.09589173913043476,0.2566717391304348,-5.742608695652175,6.131304347826087
9,20,9.461191304347825,84.4127158372029,46.18923478260869,0.00667,0.00745,0.08158782608695651,0.16,0.0882578260869565,0.24903782608695654,-5.742608695652175,6.131304347826087
9,21,8.252443478260869,71.40927419963695,5.064973913043478,0.00032,0.00035,0.07179391304347822,0.16,0.07211391304347824,0.23214391304347828,-5.742608695652175,6.131304347826087
9,22,7.572982608695652,68.21374445647412,0.0,0.00032,0.00035,0.07298652173913042,0.16,0.07330652173913042,0.23333652173913044,-5.742608695652175,6.131304347826087
9,23,7.151295652173913,71.89265860573396,0.0,0.00032,0.00035,0.06614521739130433,0.16,0.06646521739130434,0.22649521739130435,-4.3108695652173905,6.678260869565217
10,0,5.93615,68.6503844371875,0.0,0.00032,0.00035,0.06949374999999999,0.16,0.06981375000000001,0.22984375,-6.1825,6.845
10,1,5.6752,64.55440175583334,0.0,0.00032,0.00035,0.06739999999999999,0.16,0.06772,0.22775,-6.1825,6.845
10,2,5.3759,67.199230583125,0.0,0.00032,0.00035,0.064845,0.16,0.065165,0.225195,-6.1825,6.845
10,3,5.18225,60.156430039875,0.0,0.00032,0.00035,0.06489125,0.16,0.06521125,0.22524125,-6.715,7.0375
10,4,5.08645,65.36327110629166,0.06915,0.00032,0.00035,0.06306374999999999,0.16,0.06338374999999999,0.22341375,-6.715,7.0375
10,5,5.18635,97.93978901054166,13.513375,0.00032,0.00035,0.06133749999999999,0.16,0.06165749999999999,0.22168749999999998,-6.715,7.0375
10,6,5.9906500000000005,99.2251304943125,68.916175,0.00032,0.00035,0.06236499999999999,0.16,0.06268499999999999,0.222715,-6.715,7.0375
10,7,6.936775000000001,92.52595006772917,159.876225,0.00032,0.00035,0.07108124999999998,0.16,0.07140124999999999,0.23143125,-4.85875,6.66375
10,8,7.886925,106.22746650910418,279.928375,0.00032,0.00035,0.07602624999999995,0.16,0.07634624999999999,0.23637625,-4.85875,6.66375
10,9,8.8429,113.65009966404168,381.49625000000003,0.00667,0.00745,0.0716225,0.16,0.07829249999999999,0.2390725,-4.85875,6.66375
10,10,9.662025,114.99608623654167,450.209025,0.00667,0.00745,0.06751749999999998,0.16,0.07418749999999998,0.2349675,-4.85875,6.66375
10,11,10.38475,116.99119097822917,521.50395,0.00667,0.00745,0.063015,0.16,0.06968499999999998,0.230465,-3.2075,7.8862499999999995
10,12,10.926975,119.377405494,556.5483,0.00667,0.00745,0.05620874999999999,0.16,0.06287874999999994,0.22365875,-3.2075,7.8862499999999995
10,13,11.2562,112.39399293845833,559.1418249999999,0.00667,0.00745,0.05177125,0.16,0.05844125,0.21922125,-3.2075,7.8862499999999995
10,14,11.432475,104.3801852658125,535.465,0.00667,0.00745,0.05594999999999997,0.16,0.06261999999999997,0.2234,-3.2075,7.8862499999999995
10,15,11.416525,92.7814689583125,476.50690000000003,0.00667,0.00745,0.0655225,0.16,0.07219249999999998,0.2329725,-6.74375,7.8149999999999995
10,16,11.232625,89.45274285958334,399.248325,0.00667,0.00745,0.0728875,0.16,0.07955749999999998,0.24033749999999998,-6.74375,7.8149999999999995
10,17,10.891675,86.17559102197916,307.87625,0.00667,0.00745,0.08525499999999998,0.16,0.09192499999999997,0.25270499999999996,-6.74375,7.8149999999999995
10,18,10.383,86.64278817787299,211.129625,0.00667,0.00745,0.09323375,0.16,0.09990375,0.26068375,-6.74375,7.8149999999999995
10,19,9.68275,81.04442241664583,117.455925,0.00667,0.00745,0.09243499999999995,0.16,0.09910499999999994,0.259885,-6.4312499999999995,6.41375
10,20,8.67865,77.17235220109085,42.456325,0.00667,0.00745,0.08461624999999998,0.16,0.09128624999999997,0.25206625,-6.4312499999999995,6.41375
10,21,7.4955750000000005,64.92943249454167,3.58725,0.00032,0.00035,0.07349624999999999,0.16,0.07381624999999999,0.23384625,-6.4312499999999995,6.41375
10,22,6.884325,63.115986166166664,0.0,0.00032,0.00035,0.07139124999999999,0.16,0.07171124999999999,0.23174125,-6.4312499999999995,6.41375
10,23,6.5554,66.46961236702083,0.0,0.00032,0.00035,0.06539375,0.16,0.06571375,0.22574375,-6.0875,6.57875
11,0,10.251949999999999,75.0289725557381,0.0,0.00032,0.00035,0.06726115476190474,0.16,0.06758115476190475,0.22761115476190472,-2.617142857142857,7.4852380952380955
11,1,9.86544,69.39373155471785,0.0,0.00032,0.00035,0.06482424999999999,0.16,0.06514424999999999,0.22517424999999996,-2.617142857142857,7.4852380952380955
11,2,9.53489,72.45499622947976,0.0,0.00032,0.00035,0.06364092857142857,0.16,0.06396092857142857,0.22399092857142855,-2.617142857142857,7.4852380952380955
11,3,9.271429999999999,68.31655035788333,0.0,0.00032,0.00035,0.06477885714285714,0.16,0.06509885714285715,0.22512885714285713,-5.210952380952381,9.734761904761905
11,4,9.105500000000001,68.65802752040238,3.56044,0.00032,0.00035,0.07437875,0.16,0.07469875,0.23472875,-5.029999999999999,9.953809523809523
11,5,9.562059999999999,90.04192409282619,43.30825,0.00032,0.00035,0.09096292857142854,0.16,0.09128292857142856,0.25131292857142856,-5.029999999999999,9.953809523809523
11,6,10.36256,97.72890626183525,118.50345999999999,0.00667,0.00745,0.0910145595238095,0.16,0.09768455952380947,0.25846455952380953,-5.029999999999999,9.953809523809523
11,7,11.2101,105.18004932714787,218.12374,0.00667,0.00745,0.08999286904761904,0.16,0.09666286904761903,0.25744286904761904,-2.519047619047619,7.074285714285715
11,8,12.224979999999999,112.901238918213,325.35712,0.00667,0.00745,0.0849343095238095,0.16,0.09160430952380948,0.2523843095238095,-2.6095238095238096,7.074285714285715
11,9,13.228819999999999,107.8639768281251,424.55966,0.00667,0.00745,0.0761805476190476,0.16,0.08285054761904759,0.24363054761904762,-2.6095238095238096,7.074285714285715
11,10,14.11644,103.0743179084595,523.5537400000001,0.00667,0.00745,0.07502367857142855,0.16,0.08169367857142854,0.2424736785714286,-2.6095238095238096,7.074285714285715
11,11,14.83363,111.33421356748116,589.11005,0.00667,0.00745,0.07147414285714283,0.16,0.07814414285714281,0.23892414285714286,-1.7480952380952381,8.72857142857143
11,12,15.37709,112.25820815138222,623.0410300000001,0.00667,0.00745,0.06528623809523808,0.16,0.07195623809523807,0.2327362380952381,-1.8385714285714285,8.476190476190476
11,13,15.714369999999999,106.60920166830476,618.0012399999999,0.00667,0.00745,0.06153340476190474,0.16,0.06820340476190474,0.22898340476190474,-1.8385714285714285,8.476190476190476
11,14,15.875649999999998,107.0705740368082,588.8199,0.00667,0.00745,0.06202133333333332,0.16,0.06869133333333331,0.2294713333333333,-1.8385714285714285,8.476190476190476
11,15,15.85849,100.55684416234047,531.61816,0.00667,0.00745,0.0701502857142857,0.16,0.07682028571428569,0.23760028571428574,-5.826666666666666,9.055714285714284
11,16,15.68117,97.57553324192068,452.94017,0.05743,0.06809,0.08178169047619047,0.16,0.13921169047619047,0.30987169047619045,-5.826666666666666,9.265238095238095
11,17,15.31786,96.11633259105054,356.45604,0.05743,0.06809,0.09641723809523808,0.16,0.1538472380952381,0.32450723809523807,-5.826666666666666,9.265238095238095
11,18,14.78979,98.4164429188398,255.91144,0.05743,0.06809,0.1033322857142857,0.16,0.1607622857142857,0.3314222857142857,-5.826666666666666,9.265238095238095
11,19,14.11225,94.8749037919857,162.57046,0.00667,0.00745,0.10206767857142855,0.16,0.10873767857142855,0.26951767857142855,-4.574285714285715,6.904761904761905
11,20,13.208429999999998,97.57739850091667,84.28335999999999,0.00667,0.00745,0.09402416666666666,0.16,0.10069416666666664,0.2614741666666667,-4.383333333333333,6.847619047619048
11,21,11.95874,78.64209821400596,22.47152,0.00032,0.00035,0.07992114285714283,0.16,0.08024114285714283,0.24027114285714285,-4.383333333333333,6.847619047619048
11,22,10.9333,67.2217885106488,0.10519999999999999,0.00032,0.00035,0.07716693333333331,0.16,0.07748693333333331,0.23751693333333335,-4.383333333333333,6.847619047619048
11,23,10.41408,69.73688970840833,0.0,0.00032,0.00035,0.0692108476190476,0.16,0.06953084761904761,0.2295608476190476,-2.4899999999999998,7.566666666666667
12,0,10.17116,76.41858133203333,0.0,0.00032,0.00035,0.05857604999999998,0.16,0.05889605,0.21892605,-2.482,6.975
12,1,9.8383,70.80318592301667,0.0,0.00032,0.00035,0.05288254999999999,0.16,0.05320255,0.21323255,-2.482,6.975
12,2,9.51642,73.820701463,0.0,0.00032,0.00035,0.04962239999999999,0.16,0.049942399999999984,0.2099724,-2.482,6.975
12,3,9.2197,67.67717008101667,0.0,0.00032,0.00035,0.04924639999999999,0.16,0.04956639999999999,0.2095964,-2.87,7.4
12,4,9.05766,70.01707537831666,3.38382,0.00032,0.00035,0.049009049999999985,0.16,0.04932904999999999,0.20935905,-2.87,7.4
12,5,9.57376,91.6218481637,42.869440000000004,0.00032,0.00035,0.0526436,0.16,0.0529636,0.21299359999999998,-2.87,7.4
12,6,10.49944,89.72718848531666,111.56092000000001,0.00032,0.00035,0.05083969999999999,0.16,0.051159699999999995,0.21118969999999998,-2.87,7.4
12,7,11.384640000000001,89.6465483479,203.88274,0.00032,0.00035,0.058269499999999995,0.16,0.0585895,0.21861950000000002,-1.0390000000000001,6.362
12,8,12.43464,100.21893587841666,306.52458,0.00032,0.00035,0.05972385,0.16,0.060043849999999996,0.22007385,-1.0390000000000001,6.362
12,9,13.46496,109.64602977518334,394.4817,0.00667,0.00745,0.060511249999999996,0.16,0.06718124999999996,0.22796124999999998,-1.0390000000000001,6.362
12,10,14.37394,109.20307657949999,488.30922,0.00667,0.00745,0.057229449999999994,0.16,0.06389944999999998,0.22467945,-1.0390000000000001,6.362
12,11,15.12448,111.32265903361667,553.84134,0.00667,0.00745,0.054980150000000005,0.16,0.06165015,0.22243015000000002,-0.3570000000000001,7.919
12,12,15.67748,114.51460272075,582.06942,0.00667,0.00745,0.047856899999999994,0.16,0.0545269,0.2153069,-0.3570000000000001,7.919
12,13,16.074720000000003,106.00678137291666,579.89302,0.00667,0.00745,0.04334464999999999,0.16,0.05001464999999998,0.21079464999999997,-0.3570000000000001,7.919
12,14,16.33904,108.73465908456667,555.41422,0.00667,0.00745,0.04788974999999998,0.16,0.05455974999999998,0.21533974999999997,-0.3570000000000001,7.919
12,15,16.40606,92.02728607426667,497.71898,0.00667,0.00745,0.060426449999999986,0.16,0.06709644999999997,0.22787644999999998,-5.745,7.965999999999999
12,16,16.290699999999998,89.29184712883333,420.40198,0.00667,0.00745,0.07754604999999998,0.16,0.08421604999999996,0.24499605,-5.745,7.965999999999999
12,17,16.029919999999997,85.31741848154999,341.1499,0.00667,0.00745,0.09116849999999996,0.16,0.09783849999999993,0.2586185,-5.745,7.965999999999999
12,18,15.594579999999999,87.4183115907,252.68792,0.00667,0.00745,0.09746949999999996,0.16,0.10413949999999997,0.26491950000000003,-5.745,7.965999999999999
12,19,14.93526,83.78937002461666,154.84052000000003,0.00667,0.00745,0.09738804999999999,0.16,0.10405804999999999,0.26483805,-4.362,6.359
12,20,14.00834,86.4410127544,77.98922,0.00667,0.00745,0.09373074999999997,0.16,0.10040074999999996,0.26118074999999996,-4.362,6.359
12,21,12.72448,74.59776167383333,20.028579999999998,0.00032,0.00035,0.081231,0.16,0.081551,0.241581,-4.362,6.359
12,22,11.735240000000001,67.84297976151666,0.08256,0.00032,0.00035,0.07714166666666664,0.16,0.07746166666666664,0.23749166666666666,-4.362,6.359
12,23,11.22726,71.52773102841667,0.0,0.00032,0.00035,0.06570683333333333,0.16,0.06602683333333334,0.22605683333333335,-2.5100000000000002,6.893000000000001
13,0,11.408133333333334,74.88909151000455,0.0,0.00032,0.00035,0.06687142857142857,0.16,0.06719142857142857,0.22722142857142857,3.7547619047619043,9.987142857142857
13,1,11.130895238095238,69.2209849245805,0.0,0.00032,0.00035,0.061870952380952374,0.16,0.06219095238095239,0.22222095238095238,3.7547619047619043,9.987142857142857
13,2,10.896295238095238,72.35221102825851,0.0,0.00032,0.00035,0.06113999999999999,0.16,0.061459999999999994,0.22149000000000002,3.7547619047619043,9.987142857142857
13,3,10.712685714285714,68.20099194750794,0.0,0.00032,0.00035,0.06518523809523809,0.16,0.06550523809523809,0.22553523809523807,3.7547619047619043,9.987142857142857
13,4,10.550914285714285,68.98804965134353,0.9560000000000001,0.00032,0.00035,0.07512428571428571,0.16,0.07544428571428571,0.23547428571428572,2.932857142857143,10.394285714285715
13,5,10.821676190476191,89.90767762770749,28.61727619047619,0.00032,0.00035,0.09137809523809522,0.16,0.09169809523809522,0.25172809523809525,2.932857142857143,10.394285714285715
13,6,11.653142857142857,97.77213879039866,96.26484761904761,0.00667,0.00745,0.09500809523809522,0.16,0.10167809523809522,0.2624580952380952,2.932857142857143,10.394285714285715
13,7,12.429123809523809,105.13409102779956,191.51139047619048,0.00667,0.00745,0.08958190476190475,0.16,0.09625190476190472,0.25703190476190474,2.932857142857143,10.394285714285715
13,8,13.357800000000001,112.91166904155205,302.666980952381,0.00667,0.00745,0.0844295238095238,0.16,0.09109952380952377,0.2518795238095238,2.9495238095238094,8.961904761904762
13,9,14.313790476190476,107.87749134451596,402.1481904761905,0.00667,0.00745,0.07934238095238093,0.16,0.08601238095238091,0.24679238095238096,2.9495238095238094,8.961904761904762
13,10,15.134561904761906,103.06272684788209,484.13810476190474,0.00667,0.00745,0.0766395238095238,0.16,0.08330952380952376,0.24408952380952384,2.9495238095238094,8.961904761904762
13,11,15.823076190476192,111.13009103569634,546.0778476190476,0.00667,0.00745,0.07264238095238096,0.16,0.07931238095238093,0.24009238095238097,2.9495238095238094,8.961904761904762
13,12,16.37281904761905,112.20092816959418,578.3212857142856,0.00667,0.00745,0.06769047619047618,0.16,0.07436047619047616,0.23514047619047618,3.738095238095238,11.08
13,13,16.748714285714286,106.52247102272676,578.6893904761904,0.00667,0.00745,0.06479047619047618,0.16,0.07146047619047617,0.23224047619047616,3.738095238095238,11.08
13,14,16.943828571428572,106.91377850172209,553.9596476190476,0.00667,0.00745,0.06531999999999998,0.16,0.07198999999999997,0.23276999999999998,3.738095238095238,11.08
13,15,16.936133333333334,100.44822286175284,500.12393333333335,0.00667,0.00745,0.07506095238095237,0.16,0.08173095238095235,0.24251095238095235,3.738095238095238,11.08
13,16,16.711657142857142,97.35442231505144,412.75282857142855,0.057429999999999995,0.06809,0.08792571428571427,0.16,0.14535571428571428,0.31601571428571423,3.6633333333333336,14.394761904761905
13,17,16.30370476190476,95.9239458343259,316.76655238095236,0.057429999999999995,0.06809,0.1014542857142857,0.16,0.15888428571428573,0.3295442857142857,3.6633333333333336,14.394761904761905
13,18,15.687190476190475,98.24034376248235,212.2408095238095,0.057429999999999995,0.06809,0.10846857142857143,0.16,0.16589857142857142,0.3365585714285714,3.6633333333333336,14.394761904761905
13,19,14.939314285714286,94.75827893212131,125.77001904761904,0.00667,0.00745,0.10584047619047617,0.16,0.11251047619047615,0.2732904761904762,3.6633333333333336,14.394761904761905
13,20,14.01447619047619,97.63614006087303,56.570790476190474,0.00667,0.00745,0.10097476190476189,0.16,0.10764476190476185,0.2684247619047619,3.3128571428571427,9.300476190476191
13,21,12.856057142857143,78.46285855714852,10.002961904761904,0.00032,0.00035,0.0897590476190476,0.16,0.0900790476190476,0.2501090476190476,3.3128571428571427,9.300476190476191
13,22,12.086390476190477,66.90102137710998,0.002980952380952376,0.00032,0.00035,0.08342285714285713,0.16,0.08374285714285713,0.24377285714285715,3.3128571428571427,9.300476190476191
13,23,11.662542857142856,69.45932862419842,0.0,0.00032,0.00035,0.07357809523809522,0.16,0.07389809523809523,0.23392809523809524,3.3128571428571427,9.300476190476191
14,0,11.442,76.41858133203333,0.0,0.00032,0.00035,0.05049499999999998,0.16,0.05081499999999998,0.210845,3.6399999999999997,9.594999999999999
14,1,11.163,70.80318592301667,0.0,0.00032,0.00035,0.04363299999999999,0.16,0.04395299999999999,0.20398299999999997,3.6399999999999997,9.594999999999999
14,2,10.93656,73.820701463,0.0,0.00032,0.00035,0.03903799999999999,0.16,0.039358,0.199388,3.6399999999999997,9.594999999999999
14,3,10.70882,67.67717008101667,0.0,0.00032,0.00035,0.03829399999999999,0.16,0.038613999999999996,0.198644,3.6399999999999997,9.594999999999999
14,4,10.53562,70.01707537831666,1.3042799999999999,0.00032,0.00035,0.03765299999999999,0.16,0.037973000000000014,0.19800299999999998,4.173,10.228
14,5,10.77904,91.6218481637,28.83026,0.00032,0.00035,0.03934299999999999,0.16,0.03966299999999999,0.19969299999999998,4.173,10.228
14,6,11.6306,89.72718848531666,95.84056000000001,0.00032,0.00035,0.039491999999999985,0.16,0.03981200000000002,0.19984200000000002,4.173,10.228
14,7,12.48556,89.6465483479,194.13392000000002,0.00032,0.00035,0.03687799999999999,0.16,0.03719800000000001,0.19722800000000001,4.173,10.228
14,8,13.473099999999999,100.21893587841666,309.62152000000003,0.00032,0.00035,0.034882,0.16,0.035202000000000025,0.19523200000000002,4.379,11.020999999999999
14,9,14.51866,109.64602977518334,423.38082,0.00667,0.00745,0.03366899999999999,0.16,0.04033899999999999,0.201119,4.379,11.020999999999999
14,10,15.431799999999999,109.20307657949999,522.3063199999999,0.00667,0.00745,0.032221,0.16,0.03889099999999998,0.199671,4.379,11.020999999999999
14,11,16.1499,111.32265903361667,583.64216,0.00667,0.00745,0.026507999999999997,0.16,0.03317800000000001,0.193958,4.379,11.020999999999999
14,12,16.68058,114.51460272075,600.29428,0.00667,0.00745,0.02004,0.16,0.02671,0.18749,4.747,11.442
14,13,17.0655,106.00678137291666,605.82194,0.00667,0.00745,0.01787599999999999,0.16,0.02454599999999999,0.18532599999999996,4.747,11.442
14,14,17.30008,108.73465908456667,589.4379799999999,0.00667,0.00745,0.024478,0.16,0.031148,0.191928,4.747,11.442
14,15,17.2832,92.02728607426667,520.85746,0.00667,0.00745,0.04523399999999999,0.16,0.051903999999999985,0.212684,4.747,11.442
14,16,17.03588,89.29184712883333,424.5585,0.00667,0.00745,0.06084099999999999,0.16,0.06751099999999999,0.22829100000000002,6.944,15.643
14,17,16.59732,85.31741848154999,322.34188,0.00667,0.00745,0.075903,0.16,0.08257299999999997,0.24335299999999999,6.944,15.643
14,18,15.98872,87.4183115907,218.70446,0.00667,0.00745,0.08571899999999999,0.16,0.09238899999999996,0.25316900000000003,6.944,15.643
14,19,15.261020000000002,83.78937002461666,131.7381,0.00667,0.00745,0.08847699999999999,0.16,0.09514699999999998,0.255927,6.944,15.643
14,20,14.350999999999999,86.4410127544,60.41376,0.00667,0.00745,0.08820599999999998,0.16,0.09487599999999997,0.255656,5.833,10.459
14,21,13.23168,74.59776167383333,11.1226,0.00032,0.00035,0.07960899999999997,0.16,0.07992899999999999,0.23995899999999998,5.833,10.459
14,22,12.49122,67.84297976151666,0.01213999999999999,0.00032,0.00035,0.06560599999999997,0.16,0.06592599999999997,0.225956,5.833,10.459
14,23,12.07854,71.52773102841667,0.0,0.00032,0.00035,0.05248699999999999,0.16,0.05280700000000001,0.212837,5.833,10.459
15,0,11.384860869565218,68.59705890965942,0.0,0.00032,0.00035,0.07044521739130434,0.16,0.07076521739130434,0.23079521739130437,0.17130434782608694,6.4021739130434785
15,1,11.155365217391305,62.41250363654745,0.0,0.00032,0.00035,0.06647782608695652,0.16,0.06679782608695653,0.2268278260869565,0.17130434782608694,6.4021739130434785
15,2,10.954834782608696,65.43210043366666,0.0,0.00032,0.00035,0.06483347826086955,0.16,0.06515347826086955,0.22518347826086957,0.17130434782608694,6.4021739130434785
15,3,10.783982608695652,60.22495501856522,0.0,0.00032,0.00035,0.06873217391304347,0.16,0.06905217391304347,0.22908217391304347,0.17130434782608694,6.4021739130434785
15,4,10.636486956521738,63.117571969685734,0.0,0.00032,0.00035,0.07741999999999999,0.16,0.07774,0.23776999999999998,0.3008695652173913,6.209130434782609
15,5,10.53013043478261,84.41130592787681,2.9522086956521743,0.00032,0.00035,0.09104347826086955,0.16,0.09136347826086955,0.25139347826086955,0.3008695652173913,6.209130434782609
15,6,10.996939130434782,97.4936741220145,39.21990434782609,0.00667,0.00745,0.09660217391304347,0.16,0.10327217391304344,0.2640521739130435,0.3008695652173913,6.209130434782609
15,7,11.952234782608697,103.99625533077536,119.50686956521739,0.00667,0.00745,0.09405478260869567,0.16,0.10072478260869562,0.26150478260869564,0.3008695652173913,6.209130434782609
15,8,12.893017391304348,112.96760947291304,227.42259130434783,0.00667,0.00745,0.08786565217391304,0.16,0.09453565217391299,0.25531565217391305,0.5391304347826087,6.084782608695652
15,9,13.907973913043477,110.31645631990861,344.2372869565217,0.00667,0.00745,0.08117739130434781,0.16,0.08784739130434778,0.2486273913043478,0.5391304347826087,6.084782608695652
15,10,14.837113043478261,104.22920620447101,441.91393913043476,0.00667,0.00745,0.07882260869565216,0.16,0.08549260869565214,0.24627260869565218,0.5391304347826087,6.084782608695652
15,11,15.621617391304346,110.8800061756945,517.2742173913044,0.00667,0.00745,0.07689739130434782,0.16,0.0835673913043478,0.24434739130434782,0.5391304347826087,6.084782608695652
15,12,16.220617391304348,113.09227907835117,549.0438260869565,0.00667,0.00745,0.0730691304347826,0.16,0.07973913043478258,0.2405191304347826,1.146086956521739,7.259565217391304
15,13,16.57551304347826,107.08307943746706,533.3236,0.00667,0.00745,0.07250608695652172,0.16,0.0791760869565217,0.23995608695652174,1.146086956521739,7.259565217391304
15,14,16.730834782608696,108.19007363049276,491.5294434782609,0.00667,0.00745,0.07579391304347825,0.16,0.08246391304347825,0.24324391304347828,1.146086956521739,7.259565217391304
15,15,16.710991304347825,102.98360662559314,435.59714782608694,0.00667,0.00745,0.08434347826086955,0.16,0.09101347826086954,0.25179347826086956,1.146086956521739,7.259565217391304
15,16,16.512156521739133,101.1276633911049,356.3595130434783,0.05743,0.06809,0.09861043478260868,0.16,0.1560404347826087,0.3267004347826087,1.0856521739130434,9.050434782608695
15,17,16.117695652173914,97.96504121243478,264.9935217391305,0.05743,0.06809,0.11543391304347826,0.16,0.17286391304347826,0.34352391304347824,1.0856521739130434,9.050434782608695
15,18,15.500582608695652,100.05322226107971,166.1521913043478,0.05743,0.06809,0.11853391304347824,0.16,0.17596391304347825,0.3466239130434782,1.0856521739130434,9.050434782608695
15,19,14.576139130434782,96.39949108521014,78.6698956521739,0.00667,0.00745,0.11106173913043475,0.16,0.11773173913043476,0.27851173913043475,1.0856521739130434,9.050434782608695
15,20,13.261704347826088,98.4664090778242,16.699852173913044,0.00667,0.00745,0.10120608695652174,0.16,0.10787608695652172,0.26865608695652177,0.8017391304347826,6.782608695652174
15,21,12.320939130434782,75.48356915207275,0.19977391304347827,0.00032,0.00035,0.08518826086956521,0.16,0.08550826086956521,0.24553826086956523,0.8017391304347826,6.782608695652174
15,22,11.838043478260868,62.08501950423395,0.0,0.00032,0.00035,0.08517260869565216,0.16,0.08549260869565216,0.24552260869565215,0.8017391304347826,6.782608695652174
15,23,11.51791304347826,64.78567018430435,0.0,0.00032,0.00035,0.07616434782608693,0.16,0.07648434782608694,0.23651434782608693,0.8017391304347826,6.782608695652174
16,0,11.381275,68.61921772765352,0.0,0.00032,0.00035,0.07437374999999999,0.16,0.07469374999999999,0.23472375,1.96875,8.12375
16,1,11.1675,62.61341353540198,0.0,0.00032,0.00035,0.0687025,0.16,0.0690225,0.2290525,1.96875,8.12375
16,2,10.95485,65.9742663805,0.0,0.00032,0.00035,0.0638825,0.16,0.0642025,0.2242325,1.96875,8.12375
16,3,10.781975,60.183587791499995,0.0,0.00032,0.00035,0.06428249999999999,0.16,0.0646025,0.2246325,1.96875,8.12375
16,4,10.640275,60.02425320279167,0.0,0.00032,0.00035,0.0656875,0.16,0.0660075,0.2260375,2.3825,7.745
16,5,10.5197,85.967604701,2.0155,0.00032,0.00035,0.06927374999999998,0.16,0.06959375,0.22962375,2.3825,7.745
16,6,10.946325,87.66445105363525,34.763525,0.00032,0.00035,0.07147999999999997,0.16,0.07179999999999997,0.23183,2.3825,7.745
16,7,11.9656,87.67972254331933,113.1811,0.00032,0.00035,0.06879875,0.16,0.06911875,0.22914875,2.3825,7.745
16,8,12.858725,95.40968424075,222.25422500000002,0.00032,0.00035,0.06934249999999999,0.16,0.0696625,0.2296925,1.9175,7.51125
16,9,13.849499999999999,109.90600777858792,334.87125000000003,0.00667,0.00745,0.065495,0.16,0.072165,0.232945,1.9175,7.51125
16,10,14.809725,110.8920273776209,437.179875,0.00667,0.00745,0.06557999999999997,0.16,0.07224999999999997,0.23303,1.9175,7.51125
16,11,15.623775,113.94192205495833,504.92365,0.00667,0.00745,0.061253749999999996,0.16,0.06792374999999995,0.22870375,1.9175,7.51125
16,12,16.2194,110.49378061277083,530.58815,0.00667,0.00745,0.05099,0.16,0.05765999999999996,0.21844,2.65,6.29875
16,13,16.604975,105.73064178422918,516.7227,0.00667,0.00745,0.04714624999999999,0.16,0.053816249999999996,0.21459625,2.65,6.29875
16,14,16.837975,106.80314313054167,493.3402,0.00667,0.00745,0.05436249999999999,0.16,0.061032499999999976,0.2218125,2.65,6.29875
16,15,16.877074999999998,88.55330851127083,441.05760000000004,0.00667,0.00745,0.07306625,0.16,0.07973624999999997,0.24051625,2.65,6.29875
16,16,16.672674999999998,82.72016745654696,350.16477499999996,0.00667,0.00745,0.07971375,0.16,0.08638374999999995,0.24716374999999996,2.5025,9.2325
16,17,16.289075,80.82088996836852,258.34605,0.00667,0.00745,0.09332125,0.16,0.09999124999999998,0.26077125,2.5025,9.2325
16,18,15.67795,83.22740645654167,160.85635,0.00667,0.00745,0.10045249999999999,0.16,0.10712249999999997,0.2679025,2.5025,9.2325
16,19,14.75395,81.13439141118751,75.42677499999999,0.00667,0.00745,0.1002575,0.16,0.10692749999999998,0.2677075,2.5025,9.2325
16,20,13.408750000000001,84.90204079427083,15.576550000000001,0.00667,0.00745,0.09697999999999998,0.16,0.10364999999999995,0.26443,2.4299999999999997,8.254999999999999
16,21,12.473725,69.49413640679167,0.096575,0.00032,0.00035,0.08498375,0.16,0.08530375,0.24533375000000002,2.4299999999999997,8.254999999999999
16,22,11.989375,61.36148948566667,0.0,0.00032,0.00035,0.08433874999999995,0.16,0.08465874999999995,0.24468874999999998,2.4299999999999997,8.254999999999999
16,23,11.639075,63.99314750676165,0.0,0.00032,0.00035,0.07829374999999997,0.16,0.07861374999999998,0.23864375,2.4299999999999997,8.254999999999999
17,0,9.862895238095238,70.06636556701588,0.0,0.00032,0.00035,0.05763190476190476,0.16,0.05795190476190476,0.21798190476190474,1.697142857142857,7.266666666666667
17,1,9.672914285714286,64.43455535509524,0.0,0.00032,0.00035,0.054505714285714275,0.16,0.054825714285714276,0.2148557142857143,1.697142857142857,7.266666666666667
17,2,9.519685714285714,66.44041151311905,0.0,0.00032,0.00035,0.05393333333333331,0.16,0.05425333333333333,0.21428333333333333,1.697142857142857,7.266666666666667
17,3,9.425,62.16816623023419,0.0,0.00032,0.00035,0.05600619047619046,0.16,0.05632619047619046,0.21635619047619045,1.697142857142857,7.266666666666667
17,4,9.318514285714286,66.59430809879288,0.0,0.00032,0.00035,0.06719761904761903,0.16,0.06751761904761903,0.22754761904761905,1.23,9.83047619047619
17,5,9.247142857142856,87.18063361354632,0.0,0.00032,0.00035,0.09700666666666666,0.16,0.09732666666666664,0.2573566666666667,1.23,9.83047619047619
17,6,9.193504761904762,99.11096070013512,1.4818190476190476,0.00667,0.00745,0.10963523809523809,0.16,0.11630523809523809,0.2770852380952381,1.23,9.83047619047619
17,7,9.6264,107.73433852976243,33.762685714285716,0.00667,0.00745,0.10116238095238093,0.16,0.10783238095238093,0.26861238095238094,1.23,9.83047619047619
17,8,10.670009523809524,114.8892564617857,111.4410761904762,0.00667,0.00745,0.09135333333333333,0.16,0.09802333333333331,0.25880333333333333,2.0880952380952382,7.673333333333333
17,9,11.64244761904762,112.17773780127841,206.82441904761905,0.00667,0.00745,0.08149952380952381,0.16,0.08816952380952377,0.24894952380952381,2.0880952380952382,7.673333333333333
17,10,12.645019047619046,110.74215451486509,302.310819047619,0.00667,0.00745,0.07786761904761903,0.16,0.08453761904761899,0.24531761904761906,2.0880952380952382,7.673333333333333
17,11,13.594295238095238,115.1092460439127,385.7257523809524,0.00667,0.00745,0.07535,0.16,0.08201999999999997,0.2428,2.0880952380952382,7.673333333333333
17,12,14.318714285714284,117.95047539584885,430.81611428571426,0.00667,0.00745,0.07279857142857141,0.16,0.07946857142857142,0.24024857142857142,2.605238095238095,9.601904761904763
17,13,14.79515238095238,112.5762316125886,442.178,0.00667,0.00745,0.07304571428571427,0.16,0.07971571428571426,0.2404957142857143,2.605238095238095,9.601904761904763
17,14,15.007723809523808,115.32462469607869,414.04717142857146,0.00667,0.00745,0.0784142857142857,0.16,0.0850842857142857,0.2458642857142857,2.605238095238095,9.601904761904763
17,15,14.946038095238096,109.53366067838616,351.21381904761904,0.00667,0.00745,0.08854142857142855,0.16,0.09521142857142854,0.2559914285714286,2.605238095238095,9.601904761904763
17,16,14.613209523809525,105.58355505304527,261.9502,0.057429999999999995,0.06809,0.10672333333333331,0.16,0.16415333333333335,0.3348133333333333,1.5414285714285714,12.711428571428572
17,17,14.020342857142856,101.93710691383333,163.19296190476192,0.057429999999999995,0.06809,0.12228999999999998,0.16,0.17972,0.35037999999999997,1.5414285714285714,12.711428571428572
17,18,13.060761904761906,105.9647770070873,72.1396857142857,0.057429999999999995,0.06809,0.12391190476190476,0.16,0.18134190476190476,0.35200190476190474,1.5414285714285714,12.711428571428572
17,19,11.75607619047619,102.27521349717605,11.60492380952381,0.00667,0.00745,0.10647761904761903,0.16,0.11314761904761901,0.2739276190476191,1.5414285714285714,12.711428571428572
17,20,10.982190476190477,101.77141314864323,0.023904761904761904,0.00667,0.00745,0.09022761904761901,0.16,0.09689761904761901,0.25767761904761904,1.490952380952381,7.892857142857143
17,21,10.556771428571428,68.6637882149382,0.0,0.00032,0.00035,0.07922666666666665,0.16,0.07954666666666665,0.23957666666666666,1.490952380952381,7.892857142857143
17,22,10.204542857142858,62.78556191097633,0.0,0.00032,0.00035,0.0740290476190476,0.16,0.07434904761904762,0.23437904761904763,1.490952380952381,7.892857142857143
17,23,9.885742857142857,66.39698808003907,0.0,0.00032,0.00035,0.06718857142857142,0.16,0.06750857142857143,0.22753857142857145,1.490952380952381,7.892857142857143
18,0,9.404111111111112,69.76968216180965,0.0,0.00032,0.00035,0.07906999999999999,0.16,0.07938999999999999,0.23942000000000002,1.338888888888889,7.949999999999999
18,1,9.231066666666667,63.10398333887552,0.0,0.00032,0.00035,0.07289333333333332,0.16,0.07321333333333332,0.23324333333333336,1.338888888888889,7.949999999999999
18,2,9.1502,64.93920074346296,0.0,0.00032,0.00035,0.06856555555555555,0.16,0.06888555555555555,0.2289155555555556,1.338888888888889,7.949999999999999
18,3,9.112355555555556,60.46192858611111,0.0,0.00032,0.00035,0.06874555555555555,0.16,0.06906555555555555,0.22909555555555558,1.338888888888889,7.949999999999999
18,4,9.085622222222222,61.46050585544444,0.0,0.00032,0.00035,0.07264444444444444,0.16,0.07296444444444444,0.23299444444444445,0.5055555555555555,7.883333333333334
18,5,9.011866666666666,84.624065958135,0.0,0.00032,0.00035,0.07831999999999997,0.16,0.07863999999999997,0.23867,0.5055555555555555,7.883333333333334
18,6,9.020199999999999,88.72279686712744,1.9693777777777777,0.00032,0.00035,0.08365333333333332,0.16,0.08397333333333332,0.24400333333333332,0.5055555555555555,7.883333333333334
18,7,9.445133333333334,90.22672158496965,34.065177777777784,0.00032,0.00035,0.08390555555555554,0.16,0.08422555555555554,0.24425555555555553,0.5055555555555555,7.883333333333334
18,8,10.454755555555556,102.95578886038889,109.48313333333334,0.00032,0.00035,0.08362888888888886,0.16,0.08394888888888886,0.24397888888888886,1.7833333333333334,6.956666666666667
18,9,11.450044444444444,116.86182669325927,202.76093333333336,0.00667,0.00745,0.08272111111111108,0.16,0.08939111111111106,0.2501711111111111,1.7833333333333334,6.956666666666667
18,10,12.391377777777778,118.21838210077779,291.6353111111111,0.00667,0.00745,0.07371444444444444,0.16,0.08038444444444443,0.24116444444444443,1.7833333333333334,6.956666666666667
18,11,13.205333333333334,122.6433794682778,354.7866222222222,0.00667,0.00745,0.06847888888888888,0.16,0.07514888888888886,0.23592888888888888,1.7833333333333334,6.956666666666667
18,12,13.84751111111111,120.99109356144443,389.5506444444444,0.00667,0.00745,0.062481111111111085,0.16,0.06915111111111108,0.2299311111111111,2.858888888888889,9.33
18,13,14.281866666666666,114.41513659567734,397.2332666666667,0.00667,0.00745,0.060921111111111106,0.16,0.0675911111111111,0.22837111111111108,2.858888888888889,9.33
18,14,14.458822222222222,113.36208859504765,373.32595555555554,0.00667,0.00745,0.06615555555555556,0.16,0.07282555555555553,0.23360555555555557,2.858888888888889,9.33
18,15,14.414533333333335,94.59930715975926,323.03328888888893,0.00667,0.00745,0.08008777777777776,0.16,0.08675777777777774,0.24753777777777777,2.858888888888889,9.33
18,16,14.187,90.36631384519961,250.80946666666665,0.00667,0.00745,0.09800666666666664,0.16,0.10467666666666663,0.2654566666666667,1.6122222222222224,10.717777777777778
18,17,13.698,87.88795337644628,164.40855555555558,0.00667,0.00745,0.11215999999999998,0.16,0.11882999999999999,0.27960999999999997,1.6122222222222224,10.717777777777778
18,18,12.818711111111112,92.52901321907407,74.08457777777778,0.00667,0.00745,0.11323333333333332,0.16,0.1199033333333333,0.28068333333333334,1.6122222222222224,10.717777777777778
18,19,11.641955555555557,88.78569965062962,13.4558,0.00667,0.00745,0.10050666666666665,0.16,0.10717666666666664,0.2679566666666667,1.6122222222222224,10.717777777777778
18,20,10.886866666666668,88.7135729661695,0.038488888888888885,0.00667,0.00745,0.08908111111111111,0.16,0.09575111111111108,0.2565311111111111,2.2744444444444443,7.884444444444445
18,21,10.448644444444446,68.22159380881118,0.0,0.00032,0.00035,0.07831777777777776,0.16,0.07863777777777775,0.2386677777777778,2.2744444444444443,7.884444444444445
18,22,10.141955555555555,62.39992805035891,0.0,0.00032,0.00035,0.07727,0.16,0.07758999999999999,0.23762000000000003,2.2744444444444443,7.884444444444445
18,23,9.923066666666667,65.73941010770002,0.0,0.00032,0.00035,0.06912666666666664,0.16,0.06944666666666667,0.22947666666666666,2.2744444444444443,7.884444444444445
19,0,6.8269636363636375,68.14459350229005,0.0,0.00032,0.00035,0.06711363636363635,0.16,0.06743363636363635,0.22746363636363637,3.7204545454545452,8.740909090909092
19,1,6.764757575757576,63.229872447411296,0.0,0.00032,0.00035,0.061825454545454524,0.16,0.06214545454545453,0.22217545454545454,3.7204545454545452,8.740909090909092
19,2,6.695945454545455,64.07099684172988,0.0,0.00032,0.00035,0.05806590909090907,0.16,0.05838590909090908,0.21841590909090905,3.7204545454545452,8.740909090909092
19,3,6.659990909090909,61.97944244688168,0.0,0.00032,0.00035,0.060121363636363626,0.16,0.06044136363636363,0.22047136363636363,3.7204545454545452,8.740909090909092
19,4,6.639690909090908,62.74025049098252,0.0,0.00032,0.00035,0.07629227272727271,0.16,0.07661227272727271,0.23664227272727273,1.094090909090909,9.921363636363637
19,5,6.602709090909091,87.85567842630637,0.0,0.00032,0.00035,0.10001772727272726,0.16,0.10033772727272727,0.2603677272727273,1.094090909090909,9.921363636363637
19,6,6.590790909090909,101.12611807012121,0.0,0.006092727272727272,0.006804545454545455,0.11654999999999999,0.16,0.12264272727272725,0.28335454545454547,1.094090909090909,9.921363636363637
19,7,6.605690909090909,105.54503336942562,0.47191818181818185,0.006669999999999999,0.007449999999999999,0.11494681818181816,0.16,0.12161681818181816,0.28239681818181817,1.094090909090909,9.921363636363637
19,8,6.8745,111.04056890964499,22.294145454545454,0.006669999999999999,0.007449999999999999,0.10788909090909088,0.16,0.1145590909090909,0.2753390909090909,0.7818181818181817,8.357272727272727
19,9,7.654709090909091,110.76237360740151,79.70391818181818,0.006669999999999999,0.007449999999999999,0.09569272727272726,0.16,0.10236272727272726,0.26314272727272725,0.7818181818181817,8.357272727272727
19,10,8.469445454545454,109.11589694607319,145.61561818181818,0.006669999999999999,0.007449999999999999,0.08943681818181816,0.16,0.09610681818181814,0.2568868181818182,0.7818181818181817,8.357272727272727
19,11,9.198945454545454,111.75333029043182,207.0088181818182,0.006669999999999999,0.007449999999999999,0.0829440909090909,0.16,0.08961409090909088,0.25039409090909087,0.7818181818181817,8.357272727272727
19,12,9.833654545454545,115.1270297433788,250.28320000000002,0.006669999999999999,0.007449999999999999,0.07946818181818181,0.16,0.0861381818181818,0.24691818181818181,2.81,10.378636363636364
19,13,10.183327272727272,106.37207998598797,249.10932727272728,0.006669999999999999,0.007449999999999999,0.07972318181818182,0.16,0.08639318181818179,0.24717318181818182,2.81,10.378636363636364
19,14,10.220736363636364,104.18442567617423,215.87609999999998,0.006669999999999999,0.007449999999999999,0.08462363636363633,0.16,0.09129363636363631,0.25207363636363633,2.81,10.378636363636364
19,15,10.006509090909091,97.96221811508335,167.4153090909091,0.006669999999999999,0.007449999999999999,0.09805681818181818,0.16,0.10472681818181816,0.26550681818181815,2.81,10.378636363636364
19,16,9.538354545454546,96.11187786181061,102.31746363636363,0.05281545454545455,0.06257727272727273,0.12089,0.16,0.17370545454545455,0.3434672727272727,0.8881818181818182,10.090909090909092
19,17,8.805045454545455,97.8384382123712,42.89253636363637,0.05743,0.06809,0.13464272727272728,0.16,0.19207272727272728,0.36273272727272726,0.8881818181818182,10.090909090909092
19,18,7.950709090909092,103.05378091344697,5.178809090909091,0.05743,0.06809,0.12166818181818179,0.16,0.17909818181818182,0.3497581818181818,0.8881818181818182,10.090909090909092
19,19,7.502672727272727,100.42527439395454,0.0,0.011284545454545455,0.012962727272727272,0.09796181818181818,0.16,0.10924636363636363,0.2709245454545454,0.8881818181818182,10.090909090909092
19,20,7.276854545454546,100.23609968186301,0.0,0.006669999999999999,0.007449999999999999,0.08883545454545454,0.16,0.09550545454545452,0.25628545454545454,2.1290909090909094,7.388636363636365
19,21,7.114763636363636,69.92279370513539,0.0,0.0008972727272727273,0.0009954545454545455,0.07702863636363635,0.16,0.07792590909090909,0.2380240909090909,2.1290909090909094,7.388636363636365
19,22,7.0054,60.81561981886364,0.0,0.00032,0.00035,0.07597318181818181,0.16,0.0762931818181818,0.23632318181818182,2.1290909090909094,7.388636363636365
19,23,6.939500000000001,62.90502536924243,0.0,0.00032,0.00035,0.06573727272727271,0.16,0.06605727272727271,0.22608727272727272,2.1290909090909094,7.388636363636365
20,0,6.671266666666666,67.40581865333333,0.0,0.00032,0.00035,0.03386444444444445,0.16,0.03418444444444444,0.19421444444444444,2.247777777777778,6.132222222222222
20,1,6.5715518518518525,60.717509441444435,0.0,0.00032,0.00035,0.029763333333333322,0.16,0.03008333333333332,0.19011333333333333,2.52875,6.43625
20,2,6.425377777777778,62.92545668770553,0.0,0.00032,0.00035,0.025117777777777753,0.16,0.025437777777777757,0.1854677777777778,2.247777777777778,6.132222222222222
20,3,6.332466666666666,60.14830702314815,0.0,0.00032,0.00035,0.024905555555555545,0.16,0.025225555555555557,0.18525555555555556,2.247777777777778,6.132222222222222
20,4,6.241777777777778,59.42003006314815,0.0,0.00032,0.00035,0.03332333333333334,0.16,0.033643333333333345,0.19367333333333334,2.05,9.144444444444444
20,5,6.147755555555555,83.20619772994445,0.0,0.00032,0.00035,0.048718888888888874,0.16,0.04903888888888888,0.20906888888888886,2.05,9.144444444444444
20,6,6.095933333333333,95.87487712972222,0.0,0.00032,0.00035,0.05797555555555553,0.16,0.05829555555555553,0.21832555555555555,2.05,9.144444444444444
20,7,6.088377777777778,90.30139929544097,0.5786222222222221,0.00032,0.00035,0.07066555555555552,0.16,0.07098555555555552,0.23101555555555553,2.05,9.144444444444444
20,8,6.379822222222222,91.82110612973298,22.167555555555555,0.00032,0.00035,0.0717233333333333,0.16,0.0720433333333333,0.23207333333333333,1.3988888888888888,8.267777777777777
20,9,7.246666666666666,107.12405495348148,80.81546666666667,0.005964444444444444,0.006661111111111112,0.07463444444444443,0.16,0.08059888888888887,0.24129555555555557,1.3988888888888888,8.267777777777777
20,10,8.023733333333332,111.65036338581483,143.85257777777778,0.00667,0.00745,0.06927666666666667,0.16,0.07594666666666666,0.23672666666666664,1.3988888888888888,8.267777777777777
20,11,8.688244444444443,115.8034488919153,205.25766666666667,0.00667,0.00745,0.06823888888888886,0.16,0.07490888888888886,0.2356888888888889,1.3988888888888888,8.267777777777777
20,12,9.254666666666667,119.41515505203704,249.8831555555556,0.00667,0.00745,0.06641999999999999,0.16,0.07308999999999997,0.23386999999999997,3.1222222222222222,10.243333333333332
20,13,9.565822222222222,108.94711547538888,250.72446666666667,0.00667,0.00745,0.06933444444444443,0.16,0.07600444444444443,0.2367844444444444,3.1222222222222222,10.243333333333332
20,14,9.640511111111111,104.19437669455556,224.61804444444445,0.00667,0.00745,0.07314777777777776,0.16,0.07981777777777774,0.24059777777777777,3.1222222222222222,10.243333333333332
20,15,9.456777777777779,86.08211795498148,177.94688888888888,0.00667,0.00745,0.08832777777777776,0.16,0.09499777777777772,0.25577777777777777,3.1222222222222222,10.243333333333332
20,16,8.993355555555556,78.32524594711111,112.55462222222222,0.00667,0.00745,0.11421444444444442,0.16,0.12088444444444442,0.28166444444444444,2.3622222222222224,9.405555555555557
20,17,8.239711111111111,78.29466271907408,46.93377777777778,0.00667,0.00745,0.13195444444444443,0.16,0.13862444444444444,0.2994044444444445,2.3622222222222224,9.405555555555557
20,18,7.403533333333333,83.15581307457407,5.9851777777777775,0.00667,0.00745,0.12279444444444443,0.16,0.12946444444444444,0.2902444444444444,2.3622222222222224,9.405555555555557
20,19,6.989466666666667,80.88091678275926,0.0,0.00667,0.00745,0.09510111111111111,0.16,0.1017711111111111,0.26255111111111107,2.3622222222222224,9.405555555555557
20,20,6.8195555555555565,81.09981700605832,0.0,0.00667,0.00745,0.08593333333333333,0.16,0.09260333333333333,0.25338333333333335,3.358888888888889,6.906666666666666
20,21,6.660755555555555,64.16872509796032,0.0,0.0010255555555555556,0.001138888888888889,0.07841555555555553,0.16,0.07944111111111107,0.23955444444444446,3.358888888888889,6.906666666666666
20,22,6.5346,58.52792468294951,0.0,0.00032,0.00035,0.07156666666666667,0.16,0.07188666666666667,0.23191666666666666,3.358888888888889,6.906666666666666
20,23,6.437688888888889,63.60995408906605,0.0,0.00032,0.00035,0.058773333333333316,0.16,0.05909333333333333,0.21912333333333334,2.887777777777778,6.62
21,0,4.129463636363637,68.40012501700424,0.0,0.00032,0.00035,0.077235,0.16,0.077555,0.237585,-1.2195454545454545,9.709090909090909
21,1,4.0764545454545456,72.66553976025757,0.0,0.00032,0.00035,0.07195681818181816,0.16,0.07227681818181818,0.2323068181818182,-1.2195454545454545,9.709090909090909
21,2,4.053281818181818,67.83456236119481,0.0,0.00032,0.00035,0.06347136363636362,0.16,0.06379136363636362,0.22382136363636362,-1.2195454545454545,9.709090909090909
21,3,4.0385,74.8598561315606,0.0,0.00032,0.00035,0.060928181818181805,0.16,0.06124818181818181,0.22127818181818182,-1.2195454545454545,9.709090909090909
21,4,4.018727272727273,76.36000494073484,0.0,0.00032,0.00035,0.06441045454545453,0.16,0.06473045454545455,0.22476045454545454,-5.217727272727273,12.920454545454545
21,5,4.003027272727272,79.0642978564697,0.0,0.00032,0.00035,0.07761363636363636,0.16,0.07793363636363636,0.23796363636363635,-5.217727272727273,12.920454545454545
21,6,4.004845454545454,105.2855142995379,0.0,0.00032,0.00035,0.09692090909090907,0.16,0.09724090909090907,0.2572709090909091,-5.217727272727273,12.920454545454545
21,7,3.9781636363636363,106.88191302075757,0.01638181818181818,0.006669999999999999,0.007449999999999999,0.10740545454545454,0.16,0.11407545454545452,0.27485545454545457,-5.217727272727273,12.920454545454545
21,8,4.024927272727273,106.32791434816667,7.987954545454546,0.006669999999999999,0.007449999999999999,0.11052045454545455,0.16,0.11719045454545451,0.2779704545454545,-4.541363636363636,11.665
21,9,4.5927454545454545,112.04565013409278,45.414545454545454,0.006669999999999999,0.007449999999999999,0.1080372727272727,0.16,0.1147072727272727,0.27548727272727275,-4.541363636363636,11.665
21,10,5.312200000000001,113.8446701354413,87.53240909090908,0.006669999999999999,0.007449999999999999,0.10203454545454545,0.16,0.10870454545454543,0.2694845454545454,-4.541363636363636,11.665
21,11,5.893772727272728,112.16745278088743,119.06777272727273,0.006669999999999999,0.007449999999999999,0.09765181818181817,0.16,0.10432181818181814,0.26510181818181816,-4.541363636363636,11.665
21,12,6.269027272727272,117.1752951083465,126.50872727272727,0.006669999999999999,0.007449999999999999,0.09872227272727273,0.16,0.1053922727272727,0.26617227272727273,-3.7286363636363635,17.766363636363636
21,13,6.373945454545455,120.57821044033334,108.96227272727273,0.006669999999999999,0.007449999999999999,0.1005872727272727,0.16,0.1072572727272727,0.26803727272727274,-3.7286363636363635,17.766363636363636
21,14,6.109945454545454,113.55930561701516,71.68071818181818,0.006669999999999999,0.007449999999999999,0.10284681818181816,0.16,0.10951681818181815,0.27029681818181817,-3.7286363636363635,17.766363636363636
21,15,5.475627272727273,112.94838425416665,26.87300909090909,0.006669999999999999,0.007449999999999999,0.10596136363636362,0.16,0.11263136363636361,0.2734113636363636,-3.7286363636363635,17.766363636363636
21,16,4.881763636363636,106.76931563875,1.7011272727272726,0.006669999999999999,0.007449999999999999,0.12575772727272727,0.16,0.13242772727272725,0.29320772727272726,-4.674090909090909,12.226818181818182
21,17,4.673909090909091,103.95478563515908,0.0,0.05743,0.06809,0.13537272727272723,0.16,0.19280272727272726,0.3634627272727272,-4.674090909090909,12.226818181818182
21,18,4.526609090909091,104.05171701019698,0.0,0.05743,0.06809,0.12030181818181816,0.16,0.17773181818181819,0.34839181818181814,-4.674090909090909,12.226818181818182
21,19,4.401063636363637,109.92540315359848,0.0,0.05743,0.06809,0.10814681818181816,0.16,0.16557681818181819,0.33623681818181816,-4.674090909090909,12.226818181818182
21,20,4.314481818181818,105.5721708605606,0.0,0.006669999999999999,0.007449999999999999,0.09911863636363635,0.16,0.10578863636363635,0.26656863636363637,-3.277727272727273,10.023636363636363
21,21,4.232481818181818,103.56951192824243,0.0,0.006669999999999999,0.007449999999999999,0.0933681818181818,0.16,0.10003818181818179,0.2608181818181818,-3.277727272727273,10.023636363636363
21,22,4.182045454545454,73.81028580798485,0.0,0.00032,0.00035,0.08077727272727271,0.16,0.08109727272727273,0.24112727272727275,-3.277727272727273,10.023636363636363
21,23,4.138518181818181,64.73797477854959,0.0,0.00032,0.00035,0.08089318181818181,0.16,0.08121318181818181,0.2412431818181818,-3.277727272727273,10.023636363636363
22,0,5.11475,65.76886470812501,0.0,0.00032,0.00035,0.08727624999999999,0.16,0.08759624999999999,0.24762625,-4.01375,10.26125
22,1,5.097625,71.70086709789584,0.0,0.00032,0.00035,0.08507874999999998,0.16,0.08539875,0.24542875,-4.01375,10.26125
22,2,5.008025,69.04517798707441,0.0,0.00032,0.00035,0.07756875,0.16,0.07788874999999999,0.23791875,-4.01375,10.26125
22,3,4.907725,77.55744703520834,0.0,0.00032,0.00035,0.07426249999999997,0.16,0.07458249999999997,0.2346125,-4.01375,10.26125
22,4,4.835025,75.400152061875,0.0,0.00032,0.00035,0.07206624999999998,0.16,0.07238624999999999,0.23241625,-4.8625,11.275
22,5,4.754300000000001,79.83001231114919,0.0,0.00032,0.00035,0.07206875,0.16,0.07238875,0.23241875,-4.8625,11.275
22,6,4.677975,99.93084222355847,0.0,0.00032,0.00035,0.0793375,0.16,0.07965749999999999,0.2396875,-4.8625,11.275
22,7,4.56185,108.30202741529503,0.00265,0.00032,0.00035,0.07984875,0.16,0.08016875,0.24019875000000002,-4.8625,11.275
22,8,4.545575,94.05351893107326,8.727775,0.00032,0.00035,0.088055,0.16,0.088375,0.24840500000000001,-5.64625,11.395
22,9,5.1264,100.6796551226554,48.522025,0.00032,0.00035,0.09677749999999997,0.16,0.09709749999999999,0.2571275,-5.64625,11.395
22,10,5.850625,116.26163540591666,91.7444,0.00667,0.00745,0.09649999999999997,0.16,0.10316999999999997,0.26395,-5.64625,11.395
22,11,6.3847,115.43193417629166,119.66365,0.00667,0.00745,0.09328749999999998,0.16,0.09995749999999998,0.2607375,-5.64625,11.395
22,12,6.759225,122.33601914179167,132.258025,0.00667,0.00745,0.09914124999999997,0.16,0.10581124999999997,0.26659125,-6.0337499999999995,16.1575
22,13,6.909800000000001,122.78607088877084,113.57535,0.00667,0.00745,0.09651999999999997,0.16,0.10318999999999996,0.26397,-6.0337499999999995,16.1575
22,14,6.7062,112.55964320372917,77.0809,0.00667,0.00745,0.09474624999999998,0.16,0.10141624999999993,0.26219625,-6.0337499999999995,16.1575
22,15,6.1121,109.24559009403954,29.481225000000002,0.00667,0.00745,0.09751874999999999,0.16,0.10418874999999997,0.26496875,-6.0337499999999995,16.1575
22,16,5.462025000000001,91.54324139875537,1.97815,0.00667,0.00745,0.118715,0.16,0.125385,0.286165,-5.12875,11.90375
22,17,5.215375,87.631344649375,0.0,0.00667,0.00745,0.132375,0.16,0.139045,0.299825,-5.12875,11.90375
22,18,5.1389000000000005,85.10507563428075,0.0,0.00667,0.00745,0.12014,0.16,0.12680999999999998,0.28759,-5.12875,11.90375
22,19,5.10305,90.00722369663276,0.0,0.00667,0.00745,0.10564374999999998,0.16,0.11231374999999998,0.27309375,-5.12875,11.90375
22,20,5.069324999999999,88.78453209094872,0.0,0.00667,0.00745,0.09527999999999998,0.16,0.10194999999999994,0.26273,-4.40625,11.1175
22,21,5.00615,91.7538709215702,0.0,0.00667,0.00745,0.09359874999999998,0.16,0.10026874999999996,0.26104875,-4.40625,11.1175
22,22,4.951625,69.85361572547569,0.0,0.00032,0.00035,0.08267624999999998,0.16,0.08299624999999998,0.24302625,-4.40625,11.1175
22,23,4.90435,67.04056288097917,0.0,0.00032,0.00035,0.08917624999999998,0.16,0.08949624999999999,0.24952624999999998,-4.40625,11.1175
23,0,1.9996952380952382,70.19705771434485,0.0,0.00032,0.00035,0.05077761904761903,0.16,0.05109761904761904,0.21112761904761904,-1.5966666666666667,8.607142857142858
23,1,1.9369809523809525,77.01200242253968,0.0,0.00032,0.00035,0.048295714285714254,0.16,0.04861571428571427,0.2086457142857143,-1.5966666666666667,8.607142857142858
23,2,1.9188571428571428,75.74546291513492,0.0,0.00032,0.00035,0.044636190476190475,0.16,0.044956190476190476,0.2049861904761905,-1.5966666666666667,8.607142857142858
23,3,1.9534380952380952,83.88395968409525,0.0,0.00032,0.00035,0.04348761904761904,0.16,0.043807619047619054,0.20383761904761905,-1.5966666666666667,8.607142857142858
23,4,1.9539809523809524,82.2510608932619,0.0,0.00032,0.00035,0.04672285714285712,0.16,0.04704285714285713,0.20707285714285714,-4.968095238095238,11.076190476190476
23,5,1.9605714285714284,78.10891360651587,0.0,0.00032,0.00035,0.05519619047619046,0.16,0.05551619047619046,0.21554619047619047,-4.968095238095238,11.076190476190476
23,6,2.0002666666666666,107.9335876745238,0.0,0.00032,0.00035,0.06751476190476188,0.16,0.06783476190476188,0.22786476190476193,-4.968095238095238,11.076190476190476
23,7,2.0062571428571427,112.55729823625396,0.0,0.00667,0.00745,0.07751380952380951,0.16,0.08418380952380951,0.24496380952380953,-4.968095238095238,11.076190476190476
23,8,1.9673142857142858,108.95348099725396,0.012009523809523812,0.00667,0.00745,0.08644809523809524,0.16,0.09311809523809521,0.25389809523809526,-6.030952380952381,10.42
23,9,2.1048095238095237,116.97825702368458,11.467076190476192,0.00667,0.00745,0.08957047619047619,0.16,0.09624047619047615,0.2570204761904762,-6.030952380952381,10.42
23,10,2.6252,115.77986786587869,42.21002857142857,0.00667,0.00745,0.08805476190476189,0.16,0.09472476190476187,0.2555047619047619,-6.030952380952381,10.42
23,11,3.0799333333333334,115.14046270342455,64.90320952380952,0.00667,0.00745,0.08323428571428569,0.16,0.08990428571428569,0.2506842857142857,-6.030952380952381,10.42
23,12,3.315142857142857,121.19412980701587,70.03901904761905,0.00667,0.00745,0.08299809523809522,0.16,0.0896680952380952,0.25044809523809525,-5.016666666666667,13.847142857142858
23,13,3.298142857142857,123.88737844827438,56.54550476190476,0.00667,0.00745,0.08420761904761902,0.16,0.09087761904761901,0.2516576190476191,-5.016666666666667,13.847142857142858
23,14,2.9739333333333335,115.44837181748525,28.590942857142856,0.00667,0.00745,0.08461095238095237,0.16,0.09128095238095238,0.2520609523809524,-5.016666666666667,13.847142857142858
23,15,2.531361904761905,115.24481355092972,2.7352476190476187,0.00667,0.00745,0.08524190476190474,0.16,0.09191190476190474,0.25269190476190473,-5.016666666666667,13.847142857142858
23,16,2.431342857142857,110.57106421262422,0.0,0.00667,0.00745,0.09976666666666667,0.16,0.10643666666666662,0.26721666666666666,-5.304285714285714,10.975714285714286
23,17,2.4336190476190476,107.08808716369813,0.0,0.057429999999999995,0.06809,0.10196714285714285,0.16,0.15939714285714285,0.3300571428571428,-5.304285714285714,10.975714285714286
23,18,2.4177809523809524,105.89586960675736,0.0,0.057429999999999995,0.06809,0.0908542857142857,0.16,0.14828428571428573,0.3189442857142857,-5.304285714285714,10.975714285714286
23,19,2.3631238095238096,111.35749978274717,0.0,0.057429999999999995,0.06809,0.08451809523809523,0.16,0.14194809523809523,0.3126080952380952,-5.304285714285714,10.975714285714286
23,20,2.3157619047619047,107.66014607606009,0.0,0.00667,0.00745,0.07492047619047618,0.16,0.08159047619047617,0.2423704761904762,-3.551428571428571,8.843809523809524
23,21,2.2782095238095237,104.4364768753821,0.0,0.00667,0.00745,0.06712238095238095,0.16,0.07379238095238093,0.23457238095238098,-3.551428571428571,8.843809523809524
23,22,2.2199142857142857,78.39492935152275,0.0,0.00032,0.00035,0.0554995238095238,0.16,0.0558195238095238,0.21584952380952382,-3.551428571428571,8.843809523809524
23,23,2.16672380952381,65.24981830906515,0.0,0.00032,0.00035,0.05322523809523808,0.16,0.05354523809523808,0.2135752380952381,-3.551428571428571,8.843809523809524
24,0,2.3800800000000004,75.13355537105,0.0,0.00032,0.00035,0.049064999999999984,0.16,0.04938499999999999,0.209415,-1.685,7.26
24,1,2.3387000000000002,82.99171361494999,0.0,0.00032,0.00035,0.045131,0.16,0.045451000000000005,0.20548100000000002,-1.685,7.26
24,2,2.26954,80.59742058001666,0.0,0.00032,0.00035,0.04051699999999999,0.16,0.04083699999999999,0.200867,-1.685,7.26
24,3,2.1912,86.69146244576667,0.0,0.00032,0.00035,0.037179000000000004,0.16,0.037499,0.197529,-1.685,7.26
24,4,2.10848,82.85235876442718,0.0,0.00032,0.00035,0.036419,0.16,0.036739,0.196769,-3.145,9.181000000000001
24,5,2.04886,82.84241730892452,0.0,0.00032,0.00035,0.037547000000000004,0.16,0.037867,0.197897,-3.145,9.181000000000001
24,6,2.03902,100.92969498018333,0.0,0.00032,0.00035,0.046096999999999985,0.16,0.046417,0.206447,-3.145,9.181000000000001
24,7,2.0676200000000002,107.07735424724999,0.0,0.00032,0.00035,0.057733999999999966,0.16,0.05805399999999998,0.218084,-3.145,9.181000000000001
24,8,2.14596,96.80298019736668,0.021700000000000004,0.00032,0.00035,0.06684199999999998,0.16,0.06716199999999999,0.227192,-4.407,9.02
24,9,2.38642,105.10349133675,11.93178,0.00032,0.00035,0.072191,0.16,0.072511,0.23254100000000003,-4.407,9.02
24,10,2.97966,117.70439385767381,43.04846,0.00667,0.00745,0.07283299999999997,0.16,0.07950299999999999,0.24028299999999997,-4.407,9.02
24,11,3.4903,118.5195915297357,67.22454,0.00667,0.00745,0.06883099999999998,0.16,0.07550099999999998,0.23628100000000002,-4.407,9.02
24,12,3.7684800000000003,125.14850098690712,76.54134,0.00667,0.00745,0.07033199999999999,0.16,0.07700199999999999,0.237782,-5.276,12.011
24,13,3.72322,126.49529278153572,62.5543,0.00667,0.00745,0.068754,0.16,0.07542399999999999,0.236204,-5.276,12.011
24,14,3.23598,118.8356462888119,31.94684,0.00667,0.00745,0.06881999999999999,0.16,0.07548999999999997,0.23626999999999998,-5.276,12.011
24,15,2.60928,116.77144441032905,3.2525199999999996,0.00667,0.00745,0.070254,0.16,0.07692399999999999,0.237704,-5.276,12.011
24,16,2.42582,94.53083783876666,0.0,0.00667,0.00745,0.09077199999999998,0.16,0.09744199999999997,0.258222,-4.993,10.242
24,17,2.3231,90.99865908633333,0.0,0.00667,0.00745,0.10075699999999996,0.16,0.10742699999999997,0.268207,-4.993,10.242
24,18,2.22262,88.88264744623334,0.0,0.00667,0.00745,0.089371,0.16,0.09604099999999997,0.256821,-4.993,10.242
24,19,2.16436,94.14070529950001,0.0,0.00667,0.00745,0.07782699999999998,0.16,0.08449699999999996,0.24527700000000002,-4.993,10.242
24,20,2.1585,96.01587064395,0.0,0.00667,0.00745,0.07069099999999999,0.16,0.07736099999999994,0.238141,-2.1,9.145999999999999
24,21,2.1404,96.0444808646,0.0,0.00667,0.00745,0.065715,0.16,0.07238499999999998,0.23316499999999998,-2.1,9.145999999999999
24,22,2.1272200000000003,75.85032223178334,0.0,0.00032,0.00035,0.050227999999999995,0.16,0.050547999999999996,0.210578,-2.1,9.145999999999999
24,23,2.13616,70.72011544173333,0.0,0.00032,0.00035,0.042635,0.16,0.042955,0.20298500000000003,-2.1,9.145999999999999
