DayType_i,Hour,Electricity demand (kWh),Heating demand (kWh),Import var. price (USD/kWh),Export price LMP (USD/kWh),Air Temperature (degC),Irradiance (W/m2),Fixed import price (USD/hr),Cons. Period
1,0,83.0584363,143.9833914,0.033665972,0.049397636,15.728541666666700,29.414208333333300,0.046334993,Base
1,1,87.12266337,164.8940267,0.033665972,0.048368635,14.024608695652200,0.0,0.046334993,Base
1,2,87.39905562,172.5306093,0.033665972,0.047519297,13.185834782608700,0.0,0.046334993,Base
1,3,89.44393152,176.1652514,0.033665972,0.046637969,12.39913043478260,0.0,0.046334993,Base
1,4,90.57896736,179.7171053,0.033665972,0.047538068,11.654860869565200,0.0,0.046334993,Base
1,5,91.9749676,184.6573847,0.033665972,0.049190445,10.972965217391300,0.0,0.046334993,Base
1,6,95.41679,190.2763099,0.052567603,0.064062288,10.378104347826100,0.0,0.046334993,Mid-Peak
1,7,100.3274022,199.7852333,0.052567603,0.068656166,9.829234782608700,0.0,0.046334993,Mid-Peak
1,8,109.7842957,231.7266357,0.052567603,0.058939633,9.29935652173913,0.0,0.046334993,Mid-Peak
1,9,119.8294591,264.5115489,0.052567603,0.05848594,8.805252173913040,0.0,0.046334993,Mid-Peak
1,10,142.6470621,201.6914029,0.052567603,0.058689174,8.3498,0.0,0.046334993,Mid-Peak
1,11,165.7342786,147.7099159,0.052567603,0.057085944,7.946495652173910,0.0,0.046334993,Mid-Peak
1,12,195.3499782,119.6110577,0.052567603,0.057175126,7.620982608695650,0.0,0.046334993,Mid-Peak
1,13,196.5587913,104.1267362,0.052567603,0.06806545,7.2963130434782600,0.0,0.046334993,Mid-Peak
1,14,196.2530538,92.97813725,0.052567603,0.087760105,7.089478260869570,8.983539130434780,0.046334993,Mid-Peak
1,15,209.6805923,81.46330128,0.052567603,0.09911162,9.193069565217390,132.77435652173900,0.046334993,Mid-Peak
1,16,163.775902,81.89148207,0.052567603,0.073183336,11.999017391304300,305.7212173913040,0.046334993,Mid-Peak
1,17,125.3201548,43.04950482,0.052567603,0.072157722,14.883156521739100,452.65901739130400,0.046334993,Mid-Peak
1,18,112.5886649,49.56007655,0.071136286,0.079086414,17.44806956521740,552.8586347826090,0.046334993,Peak
1,19,101.2914219,68.29260608,0.071136286,0.065131994,19.203869565217400,592.6711130434780,0.046334993,Peak
1,20,94.67985611,92.5695995,0.071136286,0.074680036,20.241591304347800,568.0159391304350,0.046334993,Peak
1,21,94.88907196,112.0544714,0.071136286,0.061870905,20.678652173913000,482.6025652173910,0.046334993,Peak
1,22,95.95972887,130.1106818,0.052567603,0.046282382,20.495956521739100,347.06540869565200,0.046334993,Mid-Peak
1,23,92.05906442,138.1797781,0.052567603,0.042903017,19.089834782608700,181.72378260869600,0.046334993,Mid-Peak
2,0,95.31732052,112.6509551,0.033665972,0.047946037,15.93495,31.1931,0.046334993,Base
2,1,104.3499834,125.1190291,0.033665972,0.045794427,14.17945,0.0,0.046334993,Base
2,2,106.7940309,130.0528466,0.033665972,0.045507874,13.09905,0.0,0.046334993,Base
2,3,106.6745143,136.7100978,0.033665972,0.044072649,12.17155,0.0,0.046334993,Base
2,4,98.98212506,147.8814415,0.033665972,0.04479763,11.415050000000000,0.0,0.046334993,Base
2,5,93.20261856,155.8175503,0.033665972,0.044592676,10.75405,0.0,0.046334993,Base
2,6,94.66741674,161.0938941,0.033665972,0.045378788,10.15035,0.0,0.046334993,Base
2,7,98.03084858,171.3042529,0.033665972,0.04500081,9.48725,0.0,0.046334993,Base
2,8,112.3500909,173.2020705,0.052567603,0.045981779,8.8072,0.0,0.046334993,Mid-Peak
2,9,126.0695687,154.6888951,0.052567603,0.039260183,8.25405,0.0,0.046334993,Mid-Peak
2,10,126.9846795,110.1734859,0.052567603,0.038171279,7.7892,0.0,0.046334993,Mid-Peak
2,11,151.7236888,79.33311944,0.052567603,0.040077953,7.419450000000000,0.0,0.046334993,Mid-Peak
2,12,174.0740141,62.05243163,0.052567603,0.039009108,7.12155,0.0,0.046334993,Mid-Peak
2,13,169.1031442,55.14910312,0.052567603,0.03956816,6.860600000000000,0.0,0.046334993,Mid-Peak
2,14,165.0965222,52.08093925,0.052567603,0.037464037,6.672,9.4552,0.046334993,Mid-Peak
2,15,160.7345443,42.28551122,0.052567603,0.039281334,8.94285,139.553,0.046334993,Mid-Peak
2,16,154.4144423,32.51317293,0.052567603,0.039328274,11.7772,315.7733,0.046334993,Mid-Peak
2,17,138.6900109,30.51282652,0.052567603,0.04134029,14.8159,458.8974,0.046334993,Mid-Peak
2,18,131.0007488,33.36239263,0.052567603,0.043894986,17.5594,560.3539000000000,0.046334993,Mid-Peak
2,19,123.8532941,47.63480976,0.071136286,0.048326744,19.395900000000000,596.12555,0.046334993,Peak
2,20,115.214196,68.0941293,0.071136286,0.052087967,20.49455,566.07155,0.046334993,Peak
2,21,107.7609142,84.83015424,0.052567603,0.049324224,20.95045,480.6606,0.046334993,Mid-Peak
2,22,110.1569338,101.1278692,0.052567603,0.047673128,20.7302,344.29685,0.046334993,Mid-Peak
2,23,116.6672561,113.1374682,0.052567603,0.043792508,19.138350000000000,178.8837,0.046334993,Mid-Peak
3,0,117.3996236,120.145456,0.033665972,0.043586463,15.875450000000000,30.3004,0.046334993,Base
3,1,103.3605271,126.768698,0.033665972,0.044228479,14.30295,0.0,0.046334993,Base
3,2,92.53534696,126.8499763,0.033665972,0.041822383,13.5264,0.0,0.046334993,Base
3,3,86.09828704,129.549604,0.033665972,0.045032331,12.96035,0.0,0.046334993,Base
3,4,96.42312457,134.1291317,0.033665972,0.046269561,12.3875,0.0,0.046334993,Base
3,5,99.59007699,139.6936638,0.033665972,0.047977285,11.8108,0.0,0.046334993,Base
3,6,99.59274994,140.5850263,0.033665972,0.048544934,11.2081,0.0,0.046334993,Base
3,7,107.2829793,151.701723,0.033665972,0.0428346,10.59205,0.0,0.046334993,Base
3,8,123.1952738,161.2030036,0.033665972,0.041236176,10.02645,0.0,0.046334993,Base
3,9,132.636901,138.0893359,0.033665972,0.039475645,9.48535,0.0,0.046334993,Base
3,10,133.4023647,95.94277894,0.033665972,0.039061506,9.0548,0.0,0.046334993,Base
3,11,143.2549054,70.63538851,0.033665972,0.041003113,8.69445,0.0,0.046334993,Base
3,12,157.0300133,58.98674645,0.033665972,0.040540533,8.35525,0.0,0.046334993,Base
3,13,160.2417125,54.2648691,0.033665972,0.039097257,7.99775,0.0,0.046334993,Base
3,14,164.0266205,50.79478965,0.033665972,0.035444652,7.8792,8.89015,0.046334993,Base
3,15,165.8998304,41.86629342,0.033665972,0.037691779,9.87825,124.2412,0.046334993,Base
3,16,161.3399463,30.0664945,0.033665972,0.041148299,12.6281,289.47215,0.046334993,Base
3,17,151.8151834,28.85792402,0.033665972,0.046010434,15.38235,439.3131,0.046334993,Base
3,18,141.4390346,32.48052035,0.052567603,0.0464797,18.016850000000000,537.8474,0.046334993,Mid-Peak
3,19,125.0344312,42.78612751,0.052567603,0.044367663,19.78385,577.2758,0.046334993,Mid-Peak
3,20,103.8032259,62.6183156,0.052567603,0.047812039,20.8005,550.9859,0.046334993,Mid-Peak
3,21,94.71303454,85.5944718,0.052567603,0.048400702,21.212900000000000,467.3132,0.046334993,Mid-Peak
3,22,88.16421488,108.6982367,0.052567603,0.047677631,20.9849,339.21485000000000,0.046334993,Mid-Peak
3,23,78.57425031,113.0851664,0.052567603,0.045131806,19.49585,173.11405,0.046334993,Mid-Peak
4,0,103.7271187,112.8571823,0.033802426,0.023604142,18.42697,85.21748,0.051299456,Base
4,1,105.0991703,120.7133579,0.033802426,0.022603796,15.49318,0.91985,0.051299456,Base
4,2,106.7578622,127.6509759,0.033802426,0.02286265,14.285840000000000,0.0,0.051299456,Base
4,3,106.5978467,134.2971166,0.033802426,0.022190477,13.274050000000000,0.0,0.051299456,Base
4,4,109.4468163,138.7893581,0.033802426,0.022237881,12.39988,0.0,0.051299456,Base
4,5,109.9523932,143.1853169,0.033802426,0.022911692,11.67084,0.0,0.051299456,Base
4,6,111.4302964,146.5319493,0.05281322,0.023321245,11.08386,0.0,0.051299456,Mid-Peak
4,7,116.632534,156.0178952,0.05281322,0.022861777,10.56975,0.0,0.051299456,Mid-Peak
4,8,121.8940662,188.9106185,0.05281322,0.022458336,10.03309,0.0,0.051299456,Mid-Peak
4,9,135.2598849,220.8574886,0.05281322,0.021968329,9.49484,0.0,0.051299456,Mid-Peak
4,10,156.293294,179.546634,0.05281322,0.02232513,9.03694,0.0,0.051299456,Mid-Peak
4,11,174.4374178,140.594867,0.05281322,0.023211345,8.63222,0.0,0.051299456,Mid-Peak
4,12,197.042744,116.0911127,0.05281322,0.021434712,8.281270000000000,0.0,0.051299456,Mid-Peak
4,13,200.7543621,100.5690739,0.05281322,0.022383996,7.9709900000000000,0.0007900000000000000,0.051299456,Mid-Peak
4,14,199.8828379,91.03341482,0.05281322,0.022668939,8.30493,42.28533,0.051299456,Mid-Peak
4,15,215.4682391,83.21229652,0.05281322,0.02272172,11.35594,217.43793,0.051299456,Mid-Peak
4,16,167.4786019,87.88585368,0.05281322,0.022723276,14.23654,409.31824,0.051299456,Mid-Peak
4,17,130.0538532,49.14445995,0.05281322,0.022569001,17.28577,569.8633600000000,0.051299456,Mid-Peak
4,18,119.1741492,52.4649002,0.071491067,0.023066649,19.775370000000000,681.60034,0.051299456,Peak
4,19,110.7005746,61.45443337,0.071491067,0.023239673,21.47914,728.58195,0.051299456,Peak
4,20,105.6847618,76.98409534,0.071491067,0.023557584,22.47013,698.80606,0.051299456,Peak
4,21,104.5437934,91.87450323,0.071491067,0.023867662,22.86941,604.4369900000000,0.051299456,Peak
4,22,105.4847465,103.0429553,0.05281322,0.023315378,22.7168,463.16649000000000,0.051299456,Mid-Peak
4,23,104.0804847,105.31052,0.05281322,0.022041387,21.77984,279.36514,0.051299456,Mid-Peak
5,0,95.06865247,102.8448255,0.033802426,0.025173474,18.45405,81.73480000000000,0.051299456,Base
5,1,95.98527458,109.9537047,0.033802426,0.022122495,15.947,0.73725,0.051299456,Base
5,2,90.9826439,116.4562217,0.033802426,0.02565775,14.91535,0.0,0.051299456,Base
5,3,91.10566105,125.4070202,0.033802426,0.025947579,13.9114,0.0,0.051299456,Base
5,4,92.02038893,132.6092744,0.033802426,0.025868844,13.005850000000000,0.0,0.051299456,Base
5,5,93.7565204,142.9143163,0.033802426,0.025853016,12.16515,0.0,0.051299456,Base
5,6,94.67629436,150.6425908,0.033802426,0.026601603,11.357,0.0,0.051299456,Base
5,7,98.03375713,152.0336199,0.033802426,0.022196181,10.68015,0.0,0.051299456,Base
5,8,112.4220898,151.8439617,0.05281322,0.020627913,10.1091,0.0,0.051299456,Mid-Peak
5,9,125.9628997,133.0412923,0.05281322,0.021504221,9.54515,0.0,0.051299456,Mid-Peak
5,10,128.5350061,111.9278264,0.05281322,0.022969466,9.074450000000000,0.0,0.051299456,Mid-Peak
5,11,158.4929317,93.61792672,0.05281322,0.02288582,8.67285,0.0,0.051299456,Mid-Peak
5,12,181.15093,81.2302518,0.05281322,0.021916313,8.299200000000000,0.0,0.051299456,Mid-Peak
5,13,169.550269,74.62237553,0.05281322,0.022908062,7.9917,0.0,0.051299456,Mid-Peak
5,14,165.0900597,70.58615112,0.05281322,0.022308073,8.32165,39.70585,0.051299456,Mid-Peak
5,15,160.4907378,62.49958295,0.05281322,0.023264753,11.225950000000000,206.29755,0.051299456,Mid-Peak
5,16,153.3695615,53.89897384,0.05281322,0.021773991,14.0624,383.8663,0.051299456,Mid-Peak
5,17,139.5278123,48.13431131,0.05281322,0.023899265,16.7705,529.12145,0.051299456,Mid-Peak
5,18,131.0485614,47.66093317,0.05281322,0.024233305,18.837700000000000,628.88955,0.051299456,Mid-Peak
5,19,129.9809828,55.99630945,0.071491067,0.023882617,20.342400000000000,674.27285,0.051299456,Peak
5,20,132.4562795,71.9055891,0.071491067,0.023721601,21.321550000000000,653.2103500000000,0.051299456,Peak
5,21,123.9951117,85.2509241,0.05281322,0.021438996,21.80155,575.7419,0.051299456,Mid-Peak
5,22,116.0494444,96.29637534,0.05281322,0.021332016,21.7247,446.5089,0.051299456,Mid-Peak
5,23,99.96888125,106.9819957,0.05281322,0.02104478,20.7229,259.68855000000000,0.051299456,Mid-Peak
6,0,89.66209728,119.8097319,0.033802426,0.020702553,17.9313,79.7531,0.051299456,Base
6,1,78.57102254,127.4485534,0.033802426,0.021006846,15.257250000000000,0.84005,0.051299456,Base
6,2,75.51208913,141.5380668,0.033802426,0.020583565,14.07715,0.0,0.051299456,Base
6,3,75.59953945,156.6077559,0.033802426,0.020593526,13.0723,0.0,0.051299456,Base
6,4,74.77377842,163.5903761,0.033802426,0.020737622,12.163450000000000,0.0,0.051299456,Base
6,5,74.3847524,168.736679,0.033802426,0.020704054,11.399150000000000,0.0,0.051299456,Base
6,6,75.04391251,172.2165421,0.033802426,0.020554501,10.77815,0.0,0.051299456,Base
6,7,77.9941353,180.9290051,0.033802426,0.01952277,10.229,0.0,0.051299456,Base
6,8,90.95835217,184.3505208,0.033802426,0.018903542,9.63415,0.0,0.051299456,Base
6,9,104.3541714,161.0438326,0.033802426,0.019249726,9.13875,0.0,0.051299456,Base
6,10,113.6148032,125.6389075,0.033802426,0.018823579,8.654400000000000,0.0,0.051299456,Base
6,11,145.7038724,102.0310956,0.033802426,0.018694767,8.1805,0.0,0.051299456,Base
6,12,160.0553646,84.50165463,0.033802426,0.018693538,7.836450000000000,0.0,0.051299456,Base
6,13,152.610254,71.68101068,0.033802426,0.018737886,7.6155,5E-05,0.051299456,Base
6,14,152.1176124,61.69588463,0.033802426,0.02003038,8.053000000000000,44.1545,0.051299456,Base
6,15,152.9848087,52.10394799,0.033802426,0.019776848,11.1722,227.1385,0.051299456,Base
6,16,149.1410031,42.52767521,0.033802426,0.021270203,14.1339,416.99495,0.051299456,Base
6,17,140.8920037,38.64661452,0.033802426,0.020967547,17.1829,578.9305000000000,0.051299456,Base
6,18,130.1751184,41.65955209,0.05281322,0.022208871,19.49145,702.16855,0.051299456,Mid-Peak
6,19,114.3535835,54.00439234,0.05281322,0.022414234,21.0784,754.96415,0.051299456,Mid-Peak
6,20,113.9722119,75.35722532,0.05281322,0.022192087,21.982,723.9567,0.051299456,Mid-Peak
6,21,112.5715094,96.66530876,0.05281322,0.021459601,22.2873,624.58635,0.051299456,Mid-Peak
6,22,104.487483,113.0565369,0.05281322,0.020326759,22.0282,470.95890000000000,0.051299456,Mid-Peak
6,23,93.55611688,117.9422836,0.05281322,0.019703299,21.09045,284.72320000000000,0.051299456,Mid-Peak
7,0,111.3264438,66.42095731,0.034097167,0.015192435,23.029690909090900,171.7328090909090,0.046334993,Base
7,1,110.6602228,74.5758843,0.034097167,0.015653426,19.43850909090910,19.718972727272700,0.046334993,Base
7,2,110.3034253,81.0701534,0.034097167,0.015408826,17.577372727272700,0.0,0.046334993,Base
7,3,110.9425372,87.76913487,0.034097167,0.015257709,16.37779090909090,0.0,0.046334993,Base
7,4,110.6024348,93.70666718,0.034097167,0.015181394,15.23779090909090,0.0,0.046334993,Base
7,5,113.5447393,99.63433173,0.034097167,0.015222157,14.241463636363600,0.0,0.046334993,Base
7,6,116.1316346,105.9803633,0.053348121,0.015747158,13.433290909090900,0.0,0.046334993,Mid-Peak
7,7,122.2269879,133.4568778,0.053348121,0.015533173,12.748127272727300,0.0,0.046334993,Mid-Peak
7,8,132.0554181,163.4228073,0.053348121,0.015699548,12.160445454545500,0.0,0.046334993,Mid-Peak
7,9,161.5376597,137.8934336,0.053348121,0.015434331,11.605554545454500,0.0,0.046334993,Mid-Peak
7,10,189.8898719,96.30751033,0.053348121,0.015190177,11.10590909090910,0.0,0.046334993,Mid-Peak
7,11,214.4765121,73.53827325,0.053348121,0.015246148,10.698018181818200,0.0,0.046334993,Mid-Peak
7,12,217.8391928,58.44951646,0.053348121,0.015148199,10.373927272727300,0.0,0.046334993,Mid-Peak
7,13,222.0428007,48.74683552,0.053348121,0.015206948,10.134145454545500,4.680272727272730,0.046334993,Mid-Peak
7,14,233.7507793,42.59443788,0.053348121,0.015208065,11.883536363636400,117.84988181818200,0.046334993,Mid-Peak
7,15,206.2479711,35.12657929,0.053348121,0.014967906,14.9611,323.91366363636400,0.046334993,Mid-Peak
7,16,165.5819947,22.08274252,0.053348121,0.015163928,18.103972727272700,525.7637727272730,0.046334993,Mid-Peak
7,17,147.6991911,17.72126575,0.053348121,0.016044926,20.7934,687.9635545454550,0.046334993,Mid-Peak
7,18,140.4584294,19.14066525,0.072260668,0.01587411,22.879145454545500,797.9681272727270,0.046334993,Peak
7,19,136.0800482,22.63038045,0.072260668,0.016039641,24.384145454545500,841.9262181818180,0.046334993,Peak
7,20,136.2455228,29.87747887,0.072260668,0.016070009,25.33841818181820,818.1779090909090,0.046334993,Peak
7,21,127.3001559,40.43900362,0.072260668,0.017033896,25.75191818181820,719.5152363636360,0.046334993,Peak
7,22,118.8278983,49.18937222,0.053348121,0.016381471,25.645818181818200,570.5535363636360,0.046334993,Mid-Peak
7,23,116.6277161,56.45516333,0.053348121,0.015629956,24.997454545454500,385.0784,0.046334993,Mid-Peak
8,0,144.4067944,48.90342335,0.034097167,0.014385107,23.16204,187.42888,0.046334993,Base
8,1,150.9770873,51.99965458,0.034097167,0.013486803,19.46096,22.49264,0.046334993,Base
8,2,153.5484251,55.28827,0.034097167,0.013462131,17.45292,0.0,0.046334993,Base
8,3,151.0457253,58.92408749,0.034097167,0.013430801,16.268520000000000,0.0,0.046334993,Base
8,4,143.2184854,63.33170555,0.034097167,0.013450014,15.210320000000000,0.0,0.046334993,Base
8,5,152.6997152,67.49487876,0.034097167,0.013458856,14.274880000000000,0.0,0.046334993,Base
8,6,156.1019949,71.20300758,0.034097167,0.013461367,13.493960000000000,0.0,0.046334993,Base
8,7,167.1768029,72.93212803,0.034097167,0.013272951,12.812720000000000,0.0,0.046334993,Base
8,8,180.0389523,68.5547414,0.053348121,0.01337873,12.19964,0.0,0.046334993,Mid-Peak
8,9,187.6132654,55.8105018,0.053348121,0.013352859,11.6642,0.0,0.046334993,Mid-Peak
8,10,191.3570412,42.21766213,0.053348121,0.013272515,11.15612,0.0,0.046334993,Mid-Peak
8,11,200.0071216,31.79728058,0.053348121,0.013270222,10.6774,0.0,0.046334993,Mid-Peak
8,12,196.9549319,25.20832983,0.053348121,0.013270222,10.19224,0.0,0.046334993,Mid-Peak
8,13,190.5309446,22.0266587,0.053348121,0.013282558,9.79428,5.99484,0.046334993,Mid-Peak
8,14,187.2177629,19.59259211,0.053348121,0.013343689,11.643080000000000,129.42024,0.046334993,Mid-Peak
8,15,183.2361437,16.45710267,0.053348121,0.013353186,14.887080000000000,340.89444000000000,0.046334993,Mid-Peak
8,16,172.8064522,15.79382741,0.053348121,0.013407768,18.16644,550.01304,0.046334993,Mid-Peak
8,17,163.5258493,15.56066806,0.053348121,0.013459729,20.96076,720.9528400000000,0.046334993,Mid-Peak
8,18,155.6041184,14.49401667,0.053348121,0.013467917,22.969080000000000,817.8404,0.046334993,Mid-Peak
8,19,149.2613561,15.93396985,0.072260668,0.013544331,24.345480000000000,854.02944,0.046334993,Peak
8,20,152.105984,22.23396149,0.072260668,0.014377466,25.203480000000000,816.16584,0.046334993,Peak
8,21,150.5454773,29.53015082,0.053348121,0.013578827,25.55224,711.9603200000000,0.046334993,Mid-Peak
8,22,150.1125221,36.39758283,0.053348121,0.013480362,25.385560000000000,556.76548,0.046334993,Mid-Peak
8,23,150.4172042,41.85102773,0.053348121,0.013465625,24.74744,387.26544,0.046334993,Mid-Peak
9,0,140.5760418,49.75715541,0.034097167,0.010878945,22.52355,171.1028,0.046334993,Base
9,1,126.5023183,53.36258766,0.034097167,0.011843539,18.99075,18.339950000000000,0.046334993,Base
9,2,131.6043281,56.20911397,0.034097167,0.011829075,17.086,0.0,0.046334993,Base
9,3,133.1105786,59.19277978,0.034097167,0.011823754,15.867,0.0,0.046334993,Base
9,4,135.6355566,61.3142541,0.034097167,0.011827438,14.824350000000000,0.0,0.046334993,Base
9,5,136.589251,62.44931442,0.034097167,0.012169256,13.86365,0.0,0.046334993,Base
9,6,139.492683,68.36981109,0.034097167,0.013908091,13.056750000000000,0.0,0.046334993,Base
9,7,152.18684,73.86788808,0.034097167,0.012220016,12.40965,0.0,0.046334993,Base
9,8,162.0877808,71.77325279,0.034097167,0.013671889,11.89885,0.0,0.046334993,Base
9,9,166.7251837,63.06743044,0.034097167,0.011930733,11.4897,0.0,0.046334993,Base
9,10,177.303291,55.53989103,0.034097167,0.011892527,11.175,0.0,0.046334993,Base
9,11,182.846693,45.08520258,0.034097167,0.011873832,10.879850000000000,0.0,0.046334993,Base
9,12,175.6776573,38.81147146,0.034097167,0.01219873,10.547,0.0,0.046334993,Base
9,13,173.0135679,34.71347206,0.034097167,0.01218099,10.213050000000000,3.95575,0.046334993,Base
9,14,172.3587402,30.1692757,0.034097167,0.012283604,11.75665,117.8244,0.046334993,Base
9,15,170.9734224,24.06711032,0.034097167,0.012296567,14.77355,315.86375,0.046334993,Base
9,16,162.5151002,19.97636639,0.034097167,0.014003609,17.820500000000000,525.0256000000000,0.046334993,Base
9,17,156.5143464,18.43769891,0.034097167,0.014481198,20.503700000000000,685.76535,0.046334993,Base
9,18,150.5894839,17.7901577,0.053348121,0.013949983,22.447500000000000,797.9834000000000,0.046334993,Mid-Peak
9,19,145.3103414,19.99813017,0.053348121,0.014018482,23.8074,836.8302,0.046334993,Mid-Peak
9,20,140.8308413,26.72908551,0.053348121,0.015927885,24.602250000000000,795.9908,0.046334993,Mid-Peak
9,21,128.8728194,38.09128658,0.053348121,0.015680767,24.97375,714.09925,0.046334993,Mid-Peak
9,22,128.2610305,43.95587923,0.053348121,0.014343243,24.83725,565.98835,0.046334993,Mid-Peak
9,23,126.7829258,47.3077665,0.053348121,0.015470082,24.154050000000000,373.89495,0.046334993,Mid-Peak
10,0,142.4806619,52.82851784,0.034097167,0.013286451,29.921676190476200,285.63114285714300,0.047879493,Base
10,1,144.0704397,58.7783855,0.034097167,0.011935659,26.509419047619000,79.98547619047620,0.047879493,Base
10,2,145.2471811,63.31195749,0.034097167,0.011252998,23.135161904761900,0.6745142857142860,0.047879493,Base
10,3,146.4414234,67.08312991,0.034097167,0.011089513,21.585809523809500,0.0,0.047879493,Base
10,4,147.6596787,71.45885501,0.034097167,0.011162522,20.252561904761900,0.0,0.047879493,Base
10,5,151.498131,75.89906362,0.034097167,0.011755773,19.078380952381000,0.0,0.047879493,Base
10,6,156.0314405,80.75261975,0.053348121,0.012166435,18.03875238095240,0.0,0.047879493,Mid-Peak
10,7,162.2725134,112.6019943,0.053348121,0.01253455,17.166685714285700,0.0,0.047879493,Mid-Peak
10,8,176.6981474,134.7616505,0.053348121,0.011580904,16.371,0.0,0.047879493,Mid-Peak
10,9,196.3814288,99.51684931,0.053348121,0.011917075,15.6506,0.0,0.047879493,Mid-Peak
10,10,215.6715523,72.09279279,0.053348121,0.01142033,15.015114285714300,0.0,0.047879493,Mid-Peak
10,11,238.4788477,57.29143098,0.053348121,0.011643933,14.497580952381000,0.0,0.047879493,Mid-Peak
10,12,232.3844923,44.38026722,0.053348121,0.012084797,14.092266666666700,0.00021904761904761900,0.047879493,Mid-Peak
10,13,230.1236438,37.56237564,0.053348121,0.01205197,14.280142857142900,38.57963809523810,0.047879493,Mid-Peak
10,14,241.4237083,35.35836268,0.053348121,0.012336288,17.104609523809500,221.25128571428600,0.047879493,Mid-Peak
10,15,194.3613068,30.76867238,0.053348121,0.012567611,20.209695238095200,440.93689523809500,0.047879493,Mid-Peak
10,16,155.4188675,16.27205222,0.053348121,0.012376393,23.611466666666700,645.8701047619050,0.047879493,Mid-Peak
10,17,146.2881948,13.75166037,0.053348121,0.012996571,26.59033333333330,811.312580952381,0.047879493,Mid-Peak
10,18,140.439343,13.41998393,0.053348121,0.01381358,28.911390476190500,925.9132285714290,0.047879493,Mid-Peak
10,19,137.8474077,15.92220978,0.053348121,0.014028632,30.52077142857140,972.4785428571430,0.047879493,Mid-Peak
10,20,140.9969743,22.47190574,0.072260668,0.014489249,31.544295238095200,945.9964666666670,0.047879493,Peak
10,21,142.0384551,30.59886585,0.072260668,0.015284634,32.04248571428570,855.0151904761910,0.047879493,Peak
10,22,141.5079214,37.76864283,0.053348121,0.014976066,32.01161904761910,707.9076380952380,0.047879493,Mid-Peak
10,23,142.3047962,44.39799644,0.053348121,0.013541114,31.428619047619000,513.2527714285710,0.047879493,Mid-Peak
11,0,148.9972691,53.39301789,0.034097167,0.01122895,29.3776,294.22015,0.047879493,Base
11,1,152.4044616,58.66331248,0.034097167,0.011190333,26.034750000000000,87.55745,0.047879493,Base
11,2,153.151832,64.83173868,0.034097167,0.009845441,22.39135,0.8866000000000000,0.047879493,Base
11,3,154.103086,71.75932208,0.034097167,0.009739416,20.773,0.0,0.047879493,Base
11,4,154.9691722,78.58453243,0.034097167,0.009772574,19.35735,0.0,0.047879493,Base
11,5,156.6961745,84.17909156,0.034097167,0.009794544,18.12435,0.0,0.047879493,Base
11,6,159.8256174,89.95034427,0.034097167,0.009413154,17.0591,0.0,0.047879493,Base
11,7,170.7897624,91.7129668,0.053348121,0.00875026,16.09595,0.0,0.047879493,Mid-Peak
11,8,188.1273029,84.69224516,0.053348121,0.006965849,15.246000000000000,0.0,0.047879493,Mid-Peak
11,9,184.5421718,75.49634076,0.053348121,0.006968169,14.54435,0.0,0.047879493,Mid-Peak
11,10,190.7944487,66.55063239,0.053348121,0.006975947,13.973600000000000,0.0,0.047879493,Mid-Peak
11,11,200.8689584,58.60545523,0.053348121,0.006978403,13.51745,0.0,0.047879493,Mid-Peak
11,12,187.9203087,52.46860612,0.053348121,0.006982633,13.16935,0.00015,0.047879493,Mid-Peak
11,13,182.1443228,48.7055771,0.053348121,0.007060412,13.5611,41.80995,0.047879493,Mid-Peak
11,14,177.5014022,43.92760663,0.053348121,0.006999144,16.5985,232.09375,0.047879493,Mid-Peak
11,15,171.3729857,33.83612673,0.053348121,0.007005694,19.84205,457.2181,0.047879493,Mid-Peak
11,16,156.6537211,26.47966075,0.053348121,0.007591491,23.1641,663.7408,0.047879493,Mid-Peak
11,17,149.3441732,23.45499554,0.053348121,0.009788813,25.9724,839.0839,0.047879493,Mid-Peak
11,18,145.5216113,25.75923645,0.053348121,0.012660354,28.236,955.80925,0.047879493,Mid-Peak
11,19,143.318184,29.97668016,0.053348121,0.010695005,29.89575,1002.9384,0.047879493,Mid-Peak
11,20,149.0859059,39.34823129,0.053348121,0.011014035,31.08215,981.2762,0.047879493,Mid-Peak
11,21,150.5314524,50.01662893,0.053348121,0.010710697,31.7371,888.3862000000000,0.047879493,Mid-Peak
11,22,149.9495755,58.0642125,0.053348121,0.011291719,31.846650000000000,736.49065,0.047879493,Mid-Peak
11,23,150.6969293,66.78401631,0.053348121,0.011854729,31.3985,537.01425,0.047879493,Mid-Peak
12,0,139.6597506,63.84043344,0.034097167,0.013640068,29.291320000000000,293.36528,0.047879493,Base
12,1,136.4161702,72.07754591,0.034097167,0.013596948,25.92828,82.83516,0.047879493,Base
12,2,135.9091528,77.15474464,0.034097167,0.013552519,22.42552,0.8476000000000000,0.047879493,Base
12,3,135.2521702,82.0564506,0.034097167,0.013517368,20.821080000000000,0.0,0.047879493,Base
12,4,134.6747944,86.71259569,0.034097167,0.013534288,19.44652,0.0,0.047879493,Base
12,5,134.8107084,89.67447401,0.034097167,0.013726197,18.26964,0.0,0.047879493,Base
12,6,138.8529493,100.4386642,0.034097167,0.014367314,17.2994,0.0,0.047879493,Base
12,7,149.0051768,103.0413045,0.034097167,0.013809161,16.44764,0.0,0.047879493,Base
12,8,163.138675,83.12522099,0.034097167,0.013860468,15.66452,0.0,0.047879493,Base
12,9,164.0006744,65.57291539,0.034097167,0.013577517,14.956520000000000,0.0,0.047879493,Base
12,10,175.960754,53.70754315,0.034097167,0.013641378,14.339680000000000,0.0,0.047879493,Base
12,11,179.6858446,41.88215991,0.034097167,0.013603498,13.817000000000000,0.0,0.047879493,Base
12,12,170.264843,32.90690208,0.034097167,0.013587342,13.348040000000000,0.00036000000000000000,0.047879493,Base
12,13,168.6232368,29.75193697,0.034097167,0.01360841,13.602960000000000,40.05392,0.047879493,Base
12,14,167.8066533,25.8536007,0.034097167,0.013660699,16.71156,224.38000000000000,0.047879493,Base
12,15,162.6123802,18.88364207,0.034097167,0.014272123,19.962720000000000,445.32168,0.047879493,Base
12,16,154.0384949,16.20379856,0.034097167,0.013714298,23.431640000000000,644.6484400000000,0.047879493,Base
12,17,148.497934,15.23436876,0.034097167,0.015430019,26.28472,804.3592,0.047879493,Base
12,18,143.7478952,15.69340626,0.034097167,0.015075238,28.4226,918.1712800000000,0.047879493,Base
12,19,140.6230258,20.02181039,0.053348121,0.016353213,30.02328,970.5456,0.047879493,Mid-Peak
12,20,142.6602807,27.31496782,0.053348121,0.016048866,31.071000000000000,946.0310400000000,0.047879493,Mid-Peak
12,21,142.3061696,36.96043752,0.053348121,0.015723996,31.612720000000000,862.0324400000000,0.047879493,Mid-Peak
12,22,138.7666289,45.79245653,0.053348121,0.015824098,31.59812,709.12112,0.047879493,Mid-Peak
12,23,136.3751329,52.98131739,0.053348121,0.014463705,31.00788,505.95524000000000,0.047879493,Mid-Peak
13,0,153.4838927,26.14655397,0.034097167,0.016092858,34.62332173913040,365.3878869565220,0.046334993,Base
13,1,154.282444,30.19566906,0.034097167,0.014674827,32.33264347826090,151.691,0.046334993,Base
13,2,154.8729697,33.70958672,0.034097167,0.014145954,28.219591304347800,12.115634782608700,0.046334993,Base
13,3,155.4995253,36.79775152,0.034097167,0.013382214,25.937139130434800,0.0,0.046334993,Base
13,4,156.112612,39.72753984,0.034097167,0.013338668,24.263382608695700,0.0,0.046334993,Base
13,5,159.5623156,42.31668362,0.034097167,0.013421893,22.791426086956500,0.0,0.046334993,Base
13,6,161.8326838,44.40004234,0.053348121,0.013331833,21.58989565217390,0.0,0.046334993,Mid-Peak
13,7,169.7237755,59.10696115,0.053348121,0.013833011,20.58833043478260,0.0,0.046334993,Mid-Peak
13,8,192.405593,61.21816427,0.053348121,0.014100438,19.67238260869570,0.0,0.046334993,Mid-Peak
13,9,220.3039498,46.30033708,0.053348121,0.014203692,18.85478260869570,0.0,0.046334993,Mid-Peak
13,10,246.8212089,31.04966165,0.053348121,0.014798063,18.172165217391300,0.0,0.046334993,Mid-Peak
13,11,274.1355491,25.48404532,0.053348121,0.014675847,17.57838260869570,0.0,0.046334993,Mid-Peak
13,12,270.9035453,19.93526168,0.053348121,0.01481541,17.08944347826090,1.7143652173913000,0.046334993,Mid-Peak
13,13,270.0309048,17.92669163,0.053348121,0.015504444,18.15342608695650,95.72006086956520,0.046334993,Mid-Peak
13,14,283.7940192,18.99046806,0.053348121,0.016647052,20.922852173913000,299.41526086956500,0.046334993,Mid-Peak
13,15,235.836379,15.53677911,0.053348121,0.017255756,24.20824347826090,518.3527304347830,0.046334993,Mid-Peak
13,16,183.7993607,10.03912243,0.053348121,0.018068098,27.36806956521740,717.8295652173910,0.046334993,Mid-Peak
13,17,174.7413028,8.423365881,0.053348121,0.017531394,30.233860869565200,878.0291304347830,0.046334993,Mid-Peak
13,18,167.0304292,8.066642148,0.053348121,0.01738222,32.57959130434780,987.3088782608700,0.046334993,Mid-Peak
13,19,162.6187888,8.768696645,0.053348121,0.016482856,34.28246086956520,1032.3332956521700,0.046334993,Mid-Peak
13,20,158.284114,10.06755758,0.072260668,0.015847478,35.4111652173913,1009.6782434782600,0.046334993,Peak
13,21,156.6371733,12.71030748,0.072260668,0.016302713,35.9951652173913,918.7148347826090,0.046334993,Peak
13,22,154.0364207,15.69825721,0.053348121,0.016446856,36.04627826086960,775.2003043478260,0.046334993,Mid-Peak
13,23,153.7025415,20.56356351,0.053348121,0.01580742,35.56035652173910,585.3826173913040,0.046334993,Mid-Peak
14,0,155.5016768,25.87836408,0.034097167,0.015295966,34.20985,370.6717,0.046334993,Base
14,1,158.1255964,29.98431185,0.034097167,0.015271814,32.11605,151.8086,0.046334993,Base
14,2,159.163414,33.32479549,0.034097167,0.014340514,28.036250000000000,11.64085,0.046334993,Base
14,3,159.5826504,36.70952881,0.034097167,0.01400702,26.03635,0.0,0.046334993,Base
14,4,160.129985,39.55963819,0.034097167,0.013946298,24.599,0.0,0.046334993,Base
14,5,161.4582844,41.38113644,0.034097167,0.013936064,23.14365,0.0,0.046334993,Base
14,6,163.5646942,43.9345455,0.034097167,0.013911639,21.865000000000000,0.0,0.046334993,Base
14,7,175.066329,39.27699744,0.053348121,0.01317697,20.800450000000000,0.0,0.046334993,Mid-Peak
14,8,200.6806569,31.18317436,0.053348121,0.013163597,19.87795,0.0,0.046334993,Mid-Peak
14,9,204.1922342,24.10172118,0.053348121,0.013286815,19.12235,0.0,0.046334993,Mid-Peak
14,10,214.6548884,20.69935193,0.053348121,0.013241103,18.4681,0.0,0.046334993,Mid-Peak
14,11,227.8453527,17.92869227,0.053348121,0.014049048,17.925150000000000,0.0,0.046334993,Mid-Peak
14,12,217.3447372,14.61983679,0.053348121,0.014309266,17.5012,1.38,0.046334993,Mid-Peak
14,13,212.2089346,14.05789818,0.053348121,0.013372099,18.6619,89.76915,0.046334993,Mid-Peak
14,14,207.9593296,14.17863539,0.053348121,0.013403893,21.3901,288.19760000000000,0.046334993,Mid-Peak
14,15,204.5042938,12.97899037,0.053348121,0.013530522,24.737500000000000,511.63365,0.046334993,Mid-Peak
14,16,188.198834,11.72810778,0.053348121,0.014213066,28.1041,715.59645,0.046334993,Mid-Peak
14,17,181.2254616,9.899588025,0.053348121,0.014665002,30.9123,879.13885,0.046334993,Mid-Peak
14,18,177.8120711,8.350054014,0.053348121,0.016541929,33.165,989.8802000000000,0.046334993,Mid-Peak
14,19,172.7533704,8.263572253,0.053348121,0.016725051,34.7938,1035.78695,0.046334993,Mid-Peak
14,20,170.6446654,8.826875355,0.053348121,0.016393603,35.87395,1012.4967,0.046334993,Mid-Peak
14,21,170.0776591,10.22567612,0.053348121,0.016499492,36.39365,920.87985,0.046334993,Mid-Peak
14,22,168.2765884,10.66785169,0.053348121,0.015536944,36.3953,777.5785,0.046334993,Mid-Peak
14,23,167.594813,14.28165875,0.053348121,0.013410716,35.8974,589.84535,0.046334993,Mid-Peak
15,0,152.2434632,19.45781148,0.034097167,0.014325504,34.81385,372.92105,0.046334993,Base
15,1,145.4116865,24.8328758,0.034097167,0.014206516,32.52145,155.2821,0.046334993,Base
15,2,142.9457164,29.25370496,0.034097167,0.014179225,28.22225,12.34445,0.046334993,Base
15,3,141.6988779,33.49962722,0.034097167,0.013998697,26.00395,0.0,0.046334993,Base
15,4,140.6070979,37.18458319,0.034097167,0.013982185,24.395900000000000,0.0,0.046334993,Base
15,5,140.3768271,40.35614196,0.034097167,0.014133377,23.039950000000000,0.0,0.046334993,Base
15,6,142.7027225,43.19151023,0.034097167,0.014265191,21.9291,0.0,0.046334993,Base
15,7,151.7686324,41.93387598,0.034097167,0.014859176,20.9448,0.0,0.046334993,Base
15,8,172.9069771,36.56043194,0.034097167,0.014844576,20.03985,0.0,0.046334993,Base
15,9,180.7015805,30.38343318,0.034097167,0.014364667,19.22565,0.0,0.046334993,Base
15,10,197.7174401,27.59195692,0.034097167,0.015726889,18.5295,0.0,0.046334993,Base
15,11,203.6706313,23.06521602,0.034097167,0.014438215,17.926000000000000,0.0,0.046334993,Base
15,12,195.6472167,17.49422555,0.034097167,0.015833186,17.43385,1.6359,0.046334993,Base
15,13,193.7703092,16.06344694,0.034097167,0.017083106,18.564150000000000,95.7171,0.046334993,Base
15,14,193.5034347,15.29046539,0.034097167,0.019300214,21.3526,297.04445,0.046334993,Base
15,15,190.4905709,13.73023331,0.034097167,0.018293728,24.58305,516.07065,0.046334993,Base
15,16,182.2430678,12.09091956,0.034097167,0.020497599,27.89095,721.8132,0.046334993,Base
15,17,177.2884637,10.61057789,0.034097167,0.018924692,30.8328,879.47245,0.046334993,Base
15,18,170.2026735,8.884430981,0.034097167,0.018896446,33.072200000000000,984.9896,0.046334993,Base
15,19,165.1517404,9.292005772,0.053348121,0.016808424,34.72945,1028.3253,0.046334993,Mid-Peak
15,20,159.7877716,10.40885816,0.053348121,0.016915131,35.86985,1006.59935,0.046334993,Mid-Peak
15,21,156.0304559,12.74267676,0.053348121,0.016470973,36.48605,917.815,0.046334993,Mid-Peak
15,22,150.9225949,15.04118776,0.053348121,0.015830457,36.55315,772.99925,0.046334993,Mid-Peak
15,23,148.6226839,20.05402463,0.053348121,0.015185711,36.041650000000000,582.62565,0.046334993,Mid-Peak
16,0,163.2947896,14.17108039,0.034097167,0.01832842,39.423361904761900,387.8247523809520,,Base
16,1,164.3820976,18.50760756,0.034097167,0.017323805,37.54062857142860,180.40258095238100,,Base
16,2,164.2016036,22.56038868,0.034097167,0.017115771,33.57553333333330,24.977219047619000,,Base
16,3,164.46573,25.828087,0.034097167,0.017098825,30.92948571428570,0.0,,Base
16,4,164.9040001,29.39873819,0.034097167,0.016926892,29.214285714285700,0.0,,Base
16,5,169.2432564,32.20911863,0.034097167,0.016865007,27.69984761904760,0.0,,Base
16,6,171.3821323,34.41573325,0.053348121,0.016889335,26.485952380952400,0.0,,Mid-Peak
16,7,183.3143916,38.93250582,0.053348121,0.017219112,25.454504761904800,0.0,,Mid-Peak
16,8,209.2370935,38.54314531,0.053348121,0.017370459,24.518933333333300,0.0,,Mid-Peak
16,9,241.7890397,29.16269325,0.053348121,0.018000826,23.697,0.0,,Mid-Peak
16,10,271.6486681,19.07660834,0.053348121,0.018465212,22.98404761904760,0.0,,Mid-Peak
16,11,302.2548319,18.36972221,0.053348121,0.019080243,22.392219047619000,0.0,,Mid-Peak
16,12,299.7893375,15.96572624,0.053348121,0.020239636,21.952238095238100,6.594533333333330,,Mid-Peak
16,13,298.8349579,15.55571391,0.053348121,0.019893562,23.369095238095200,124.79318095238100,,Mid-Peak
16,14,310.8351716,17.63400154,0.053348121,0.021479861,26.045714285714300,325.5143047619050,,Mid-Peak
16,15,260.0045143,14.48254631,0.053348121,0.021688545,29.2894,534.4771047619050,,Mid-Peak
16,16,199.5527658,9.16834401,0.053348121,0.021097841,32.364266666666700,721.8860095238100,,Mid-Peak
16,17,191.770394,7.322916932,0.053348121,0.02086275,35.21612380952380,871.8766476190480,,Mid-Peak
16,18,185.2990612,6.586883483,0.053348121,0.020224015,37.50646666666670,973.9205619047620,,Mid-Peak
16,19,181.3648687,6.970161587,0.053348121,0.019960411,39.16862857142860,1014.0309619047600,,Mid-Peak
16,20,173.7823089,7.461368999,0.072260668,0.019774184,40.25984761904760,990.7276857142860,,Peak
16,21,169.7399639,8.256832692,0.072260668,0.019417246,40.85779047619050,906.5082952380950,,Peak
16,22,164.9179542,8.999256102,0.053348121,0.019582394,40.956066666666700,771.0088857142860,,Mid-Peak
16,23,164.6428931,11.06696866,0.053348121,0.017890311,40.52083809523810,593.335219047619,,Mid-Peak
17,0,180.2977823,9.840093639,0.034097167,0.018208553,39.05224,375.53900000000000,,Base
17,1,184.1261086,11.16115238,0.034097167,0.018548051,37.218040000000000,176.2552,,Base
17,2,183.639324,13.79609024,0.034097167,0.017687625,33.38244,24.46352,,Base
17,3,184.0886086,16.74026532,0.034097167,0.01759964,30.786280000000000,0.0,,Base
17,4,185.2377431,19.80782468,0.034097167,0.017365703,29.10188,0.0,,Base
17,5,187.3887854,22.76560505,0.034097167,0.017137224,27.69552,0.0,,Base
17,6,188.4320663,25.01957476,0.034097167,0.017016708,26.48836,0.0,,Base
17,7,199.1872662,22.08673446,0.053348121,0.015963063,25.532160000000000,0.0,,Mid-Peak
17,8,226.7527165,20.36329139,0.053348121,0.016056289,24.73256,0.0,,Mid-Peak
17,9,232.1674729,16.1387136,0.053348121,0.016689109,24.00796,0.0,,Mid-Peak
17,10,241.3608129,15.1858128,0.053348121,0.016486174,23.32628,0.0,,Mid-Peak
17,11,250.8618817,14.85873063,0.053348121,0.016561933,22.752760000000000,0.0,,Mid-Peak
17,12,238.737348,13.5438646,0.053348121,0.016447312,22.31408,6.137920000000000,,Mid-Peak
17,13,237.0271522,13.41845843,0.053348121,0.017002953,23.6214,117.16468,,Mid-Peak
17,14,238.5389727,13.37486024,0.053348121,0.017481089,26.127160000000000,309.04684,,Mid-Peak
17,15,228.1340786,12.20705768,0.053348121,0.01744441,29.343880000000000,518.6106,,Mid-Peak
17,16,206.8526908,10.88800125,0.053348121,0.016776767,32.35788,716.1191200000000,,Mid-Peak
17,17,200.9285366,9.356190592,0.053348121,0.01773271,35.13056,874.8210000000000,,Mid-Peak
17,18,196.8941911,7.81688747,0.053348121,0.017741552,37.44176,976.90428,,Mid-Peak
17,19,193.8049621,7.526534376,0.053348121,0.018201348,39.11048,1014.8568000000000,,Mid-Peak
17,20,191.1674104,7.475774533,0.053348121,0.017764477,40.10168,992.2719200000000,,Mid-Peak
17,21,192.4049666,7.78562627,0.053348121,0.016708431,40.5422,908.4704000000000,,Mid-Peak
17,22,187.6870686,6.516395597,0.053348121,0.016947607,40.48468,771.14516,,Mid-Peak
17,23,182.5371148,7.590073928,0.053348121,0.016675463,39.94472,590.33924,,Mid-Peak
18,0,164.4292521,9.835261044,0.034097167,0.0156487,38.449,382.9636,,Base
18,1,157.3202476,13.32317432,0.034097167,0.015490413,36.7205,176.97675,,Base
18,2,155.0932383,16.74216381,0.034097167,0.01534086,33.070950000000000,24.3474,,Base
18,3,155.5715718,20.2476891,0.034097167,0.015246024,30.53095,0.0,,Base
18,4,154.9676201,23.32192779,0.034097167,0.01522501,28.9031,0.0,,Base
18,5,154.9681794,25.86635607,0.034097167,0.015191579,27.49335,0.0,,Base
18,6,155.4068406,28.34316328,0.034097167,0.014409287,26.378500000000000,0.0,,Base
18,7,164.4941621,24.78158739,0.034097167,0.016024495,25.47015,0.0,,Base
18,8,188.2483066,22.78403733,0.034097167,0.013696041,24.69045,0.0,,Base
18,9,195.336367,18.29205792,0.034097167,0.015611994,23.924300000000000,0.0,,Base
18,10,211.0692913,16.38006649,0.034097167,0.016940511,23.19375,0.0,,Base
18,11,217.3114341,15.11278266,0.034097167,0.018220589,22.5319,0.0,,Base
18,12,209.3231939,12.98071012,0.034097167,0.017143419,22.0139,6.22565,,Base
18,13,205.5219673,13.37347786,0.034097167,0.017003554,23.4046,120.24720000000000,,Base
18,14,205.8032267,13.74093373,0.034097167,0.019089938,26.03885,313.3247,,Base
18,15,204.4081848,12.57609667,0.034097167,0.01826903,29.3874,518.75155,,Base
18,16,197.4516702,11.17591842,0.034097167,0.017803311,32.5027,704.4418000000000,,Base
18,17,192.1633453,9.522360763,0.034097167,0.016546296,35.310250000000000,855.67175,,Base
18,18,186.2381095,8.185562497,0.034097167,0.017483463,37.6315,967.35985,,Base
18,19,179.4357356,7.851237787,0.053348121,0.016213348,39.32345,1014.4108,,Mid-Peak
18,20,170.6358544,8.183958204,0.053348121,0.01616709,40.413400000000000,993.6269500000000,,Mid-Peak
18,21,165.4404263,8.148176154,0.053348121,0.016064613,40.963750000000000,900.18265,,Mid-Peak
18,22,158.9850776,7.227293804,0.053348121,0.017179853,40.96785,749.9492,,Mid-Peak
18,23,156.9221331,7.919994097,0.053348121,0.016614796,40.459,568.26675,,Mid-Peak
19,0,159.3998564,17.31632833,0.034768521,0.024208036,41.795545454545500,348.6861,0.046334993,Base
19,1,159.4531863,21.49886293,0.034768521,0.023071397,39.98614545454550,153.3842909090910,0.046334993,Base
19,2,160.0593842,24.91112034,0.034768521,0.022451474,36.8665,17.429118181818200,0.046334993,Base
19,3,160.1917054,27.93041349,0.034768521,0.022054814,34.60458181818180,0.0,0.046334993,Base
19,4,160.3773943,30.80039876,0.034768521,0.021964977,33.13036363636360,0.0,0.046334993,Base
19,5,163.1477744,33.14477579,0.034768521,0.021873454,31.945000000000000,0.0,0.046334993,Base
19,6,166.9089902,35.57299015,0.054565292,0.021854797,31.03388181818180,0.0,0.046334993,Mid-Peak
19,7,175.6631941,44.63837536,0.054565292,0.022906263,30.25469090909090,0.0,0.046334993,Mid-Peak
19,8,201.2843883,42.42007165,0.054565292,0.023921631,29.530327272727300,0.0,0.046334993,Mid-Peak
19,9,233.5410288,31.11476239,0.054565292,0.02530669,28.858727272727300,0.0,0.046334993,Mid-Peak
19,10,263.9842483,20.98223424,0.054565292,0.025169219,28.247718181818200,0.0,0.046334993,Mid-Peak
19,11,295.1747997,19.79238211,0.054565292,0.048361143,27.729863636363600,0.0,0.046334993,Mid-Peak
19,12,293.554894,17.21211783,0.054565292,0.058786365,27.29889090909090,3.537836363636360,0.046334993,Mid-Peak
19,13,291.0355644,16.77233817,0.054565292,0.099274797,28.239609090909100,99.56307272727270,0.046334993,Mid-Peak
19,14,302.4720994,18.7317301,0.054565292,0.12019786,30.586572727272700,279.02216363636400,0.046334993,Mid-Peak
19,15,252.181671,15.514377,0.054565292,0.12951299,33.46688181818180,471.84136363636400,0.046334993,Mid-Peak
19,16,192.6793782,9.253470998,0.054565292,0.154620036,36.26025454545450,651.5223909090910,0.046334993,Mid-Peak
19,17,185.3450664,7.359011054,0.054565292,0.128866545,38.848209090909100,799.8294000000000,0.046334993,Mid-Peak
19,18,177.9082293,6.703199143,0.054565292,0.100934328,40.89920909090910,899.9369181818180,0.046334993,Mid-Peak
19,19,173.5708436,7.374064172,0.054565292,0.035625255,42.361836363636400,940.5835636363640,0.046334993,Mid-Peak
19,20,167.6830226,8.161144828,0.074012739,0.024497567,43.293409090909100,919.3996363636360,0.046334993,Peak
19,21,164.6596633,9.491117184,0.074012739,0.025040927,43.74061818181820,837.4102818181820,0.046334993,Peak
19,22,160.2254443,10.37893098,0.054565292,0.023936542,43.696754545454500,714.988490909091,0.046334993,Mid-Peak
19,23,158.9376804,12.70562844,0.054565292,0.022765021,43.08505454545460,541.0003545454550,0.046334993,Mid-Peak
20,0,172.6344138,11.00624347,0.034768521,0.024395958,42.595300000000000,320.973,0.046334993,Base
20,1,175.7719832,13.57260823,0.034768521,0.021354531,40.80775,141.3945,0.046334993,Base
20,2,175.0348374,17.12862878,0.034768521,0.020502648,37.62045,16.00355,0.046334993,Base
20,3,174.2552504,20.06998578,0.034768521,0.019911529,35.369700000000000,0.0,0.046334993,Base
20,4,173.0880115,22.54690316,0.034768521,0.019252455,33.7954,0.0,0.046334993,Base
20,5,175.2518807,24.8934036,0.034768521,0.018695722,32.511000000000000,0.0,0.046334993,Base
20,6,177.7422857,27.31476643,0.034768521,0.018211855,31.535250000000000,0.0,0.046334993,Base
20,7,187.0640444,26.44093127,0.054565292,0.016465515,30.75785,0.0,0.046334993,Mid-Peak
20,8,214.0393165,24.72181108,0.054565292,0.016622028,30.07045,0.0,0.046334993,Mid-Peak
20,9,218.4892513,18.51440747,0.054565292,0.016811972,29.4232,0.0,0.046334993,Mid-Peak
20,10,228.7837617,15.31578115,0.054565292,0.016515184,28.85165,0.0,0.046334993,Mid-Peak
20,11,242.293781,14.18833622,0.054565292,0.01657536,28.32235,0.0,0.046334993,Mid-Peak
20,12,227.5212061,12.38294223,0.054565292,0.016901622,27.85405,3.3299500000000000,0.046334993,Mid-Peak
20,13,221.1469783,12.67571841,0.054565292,0.018291408,28.8273,99.18940000000000,0.046334993,Mid-Peak
20,14,221.2552382,13.02622689,0.054565292,0.01824556,31.26155,281.29765,0.046334993,Mid-Peak
20,15,218.3852232,11.99605356,0.054565292,0.021164314,34.3089,479.0719,0.046334993,Mid-Peak
20,16,199.3651866,10.79253716,0.054565292,0.077765229,37.19805,665.3836,0.046334993,Mid-Peak
20,17,193.0962895,9.23307643,0.054565292,0.077527526,39.7224,812.6048000000000,0.046334993,Mid-Peak
20,18,189.0536048,7.682301911,0.054565292,0.018931924,41.72625,918.21835,0.046334993,Mid-Peak
20,19,183.9741858,7.422590334,0.054565292,0.018147858,43.1256,959.5608,0.046334993,Mid-Peak
20,20,180.1162845,8.264167826,0.054565292,0.017106167,43.9844,938.6191,0.046334993,Mid-Peak
20,21,182.2366855,10.24302181,0.054565292,0.017041215,44.37575,855.15475,0.046334993,Mid-Peak
20,22,177.671716,10.12453695,0.054565292,0.016847586,44.3254,729.6213,0.046334993,Mid-Peak
20,23,175.8088069,10.89766305,0.054565292,0.016552436,43.7456,553.6984500000000,0.046334993,Mid-Peak
21,0,159.8627848,13.90441624,0.034768521,0.021141008,42.232480000000000,356.33912,0.046334993,Base
21,1,152.8569468,16.99898495,0.034768521,0.020998113,40.37472,156.92172,0.046334993,Base
21,2,151.388676,20.72331475,0.034768521,0.020691255,37.07224,18.15288,0.046334993,Base
21,3,149.7236693,23.71644364,0.034768521,0.020357324,34.707680000000000,0.0,0.046334993,Base
21,4,150.1733624,26.4714575,0.034768521,0.020156354,33.19704,0.0,0.046334993,Base
21,5,149.8144242,27.84546825,0.034768521,0.02014391,31.91004,0.0,0.046334993,Base
21,6,153.666325,30.54606982,0.034768521,0.020800527,30.8512,0.0,0.046334993,Base
21,7,162.460466,28.94832448,0.034768521,0.021027914,29.931720000000000,0.0,0.046334993,Base
21,8,186.744701,24.21990184,0.034768521,0.021436949,29.167880000000000,0.0,0.046334993,Base
21,9,197.9636224,17.91088375,0.034768521,0.021514019,28.52856,0.0,0.046334993,Base
21,10,216.7993215,15.94115457,0.034768521,0.021128236,27.96072,0.0,0.046334993,Base
21,11,224.8540094,14.96477927,0.034768521,0.021627985,27.46776,0.0,0.046334993,Base
21,12,214.9415915,13.09180808,0.034768521,0.021992263,27.02068,3.6519600000000000,0.046334993,Base
21,13,211.3245435,13.09496762,0.034768521,0.06954916,27.994600000000000,95.33608000000000,0.046334993,Base
21,14,211.4565296,13.75112857,0.034768521,0.113678546,30.26372,267.18516,0.046334993,Base
21,15,207.1257081,12.45405699,0.034768521,0.113182727,33.07152,455.52796,0.046334993,Base
21,16,197.3803128,11.117745,0.034768521,0.113805067,35.87368,636.43772,0.046334993,Base
21,17,189.2274857,9.460681389,0.034768521,0.114082232,38.46552,786.09164,0.046334993,Base
21,18,180.5250966,7.990979091,0.034768521,0.073066293,40.54012,892.64868,0.046334993,Base
21,19,175.5125095,8.228709605,0.054565292,0.073034527,41.99776,927.9774,0.046334993,Mid-Peak
21,20,170.1285123,9.440918409,0.054565292,0.024125642,42.91248,905.8692800000000,0.046334993,Mid-Peak
21,21,168.3658832,11.31415485,0.054565292,0.024427697,43.36788,829.36824,0.046334993,Mid-Peak
21,22,160.6948897,11.31767255,0.054565292,0.022269647,43.349760000000000,710.95684,0.046334993,Mid-Peak
21,23,156.8252677,13.02821499,0.054565292,0.021594581,42.75812,542.75868,0.046334993,Mid-Peak
22,0,164.7379038,16.7155983,0.03498139,0.017248495,40.934747826087000,294.8201043478260,0.046334993,Base
22,1,165.2367707,20.40141951,0.03498139,0.016813574,38.85450434782610,100.85075652173900,0.046334993,Base
22,2,165.9638277,23.559701,0.03498139,0.014907107,35.971539130434800,3.1882956521739100,0.046334993,Base
22,3,166.9593327,26.31874689,0.03498139,0.014451896,34.324017391304300,0.0,0.046334993,Base
22,4,167.6662181,28.88204633,0.03498139,0.014117975,33.11624347826090,0.0,0.046334993,Base
22,5,171.3372323,31.31239595,0.03498139,0.014020274,32.126,0.0,0.046334993,Base
22,6,175.8346496,33.84676813,0.054947363,0.013756407,31.315452173913000,0.0,0.046334993,Mid-Peak
22,7,186.2421735,46.04267225,0.054947363,0.014236868,30.6314,0.0,0.046334993,Mid-Peak
22,8,206.3096867,45.05702022,0.054947363,0.014928703,29.99448695652170,0.0,0.046334993,Mid-Peak
22,9,236.3263615,34.56195173,0.054947363,0.015933314,29.409826086956500,0.0,0.046334993,Mid-Peak
22,10,265.6465939,23.17618148,0.054947363,0.015633542,28.862191304347800,0.0,0.046334993,Mid-Peak
22,11,295.9068686,21.15951132,0.054947363,0.016811319,28.36286956521740,0.0,0.046334993,Mid-Peak
22,12,293.8725668,18.46000214,0.054947363,0.01769578,27.940443478260900,0.10291304347826100,0.046334993,Mid-Peak
22,13,294.2908413,17.82104279,0.054947363,0.017793077,28.28111304347830,53.2247652173913,0.046334993,Mid-Peak
22,14,307.7732065,19.43648596,0.054947363,0.02050422,30.479017391304300,226.59822608695700,0.046334993,Mid-Peak
22,15,258.318888,15.73624027,0.054947363,0.019174919,33.31670434782610,424.532147826087,0.046334993,Mid-Peak
22,16,199.4485394,9.61867789,0.054947363,0.018538473,36.110417391304300,610.2968086956520,0.046334993,Mid-Peak
22,17,190.7121759,7.909533809,0.054947363,0.01966314,38.527069565217400,763.6875217391300,0.046334993,Mid-Peak
22,18,183.7829837,7.343370952,0.054947363,0.019850593,40.4043652173913,874.9137304347830,0.046334993,Mid-Peak
22,19,178.5168589,7.859416008,0.054947363,0.019262938,41.727582608695700,918.6057478260870,0.046334993,Mid-Peak
22,20,173.1873666,8.77647092,0.074564014,0.019498351,42.555113043478300,895.7748347826090,0.046334993,Peak
22,21,169.6311524,9.945016189,0.074564014,0.01827781,42.924069565217400,810.7355913043480,0.046334993,Peak
22,22,165.0062549,10.67312426,0.054947363,0.015756398,42.83243478260870,677.1034347826090,0.046334993,Mid-Peak
22,23,165.0131043,12.69426279,0.054947363,0.014585574,42.22866086956520,497.3168956521740,0.046334993,Mid-Peak
23,0,172.4969021,15.80665047,0.03498139,0.012644798,41.68275,308.8922,0.046334993,Base
23,1,174.6579985,18.00131258,0.03498139,0.013195937,39.70705,109.51235,0.046334993,Base
23,2,174.7910194,20.93518968,0.03498139,0.010070181,36.68105,3.74705,0.046334993,Base
23,3,174.072056,23.54899936,0.03498139,0.009960199,34.9965,0.0,0.046334993,Base
23,4,177.2115839,25.83379693,0.03498139,0.009944097,33.650800000000000,0.0,0.046334993,Base
23,5,180.3703101,28.09603149,0.03498139,0.009834524,32.4775,0.0,0.046334993,Base
23,6,185.0882019,30.70118537,0.03498139,0.009734504,31.545700000000000,0.0,0.046334993,Base
23,7,193.9555985,30.76011733,0.054947363,0.009325414,30.81585,0.0,0.046334993,Mid-Peak
23,8,217.6928957,27.812271,0.054947363,0.009430757,30.15175,0.0,0.046334993,Mid-Peak
23,9,223.5992766,21.76513021,0.054947363,0.012101984,29.48545,0.0,0.046334993,Mid-Peak
23,10,234.4732508,16.96199976,0.054947363,0.007760831,28.85565,0.0,0.046334993,Mid-Peak
23,11,246.4750736,14.77580733,0.054947363,0.007810091,28.32795,0.0,0.046334993,Mid-Peak
23,12,236.8466732,12.37166884,0.054947363,0.007808044,27.9048,0.105,0.046334993,Mid-Peak
23,13,229.9063638,12.71490556,0.054947363,0.007859624,28.29025,55.60195,0.046334993,Mid-Peak
23,14,224.7375794,13.21714222,0.054947363,0.014183319,30.38395,229.12710000000000,0.046334993,Mid-Peak
23,15,221.7679964,12.16052769,0.054947363,0.012706203,33.21395,431.61995,0.046334993,Mid-Peak
23,16,203.9450818,10.85240215,0.054947363,0.007837791,36.13635,617.1329000000000,0.046334993,Mid-Peak
23,17,194.4440489,9.105557762,0.054947363,0.01529815,38.67115,769.3234,0.046334993,Mid-Peak
23,18,185.0345684,7.689122295,0.054947363,0.015564917,40.667700000000000,879.75775,0.046334993,Mid-Peak
23,19,179.8049583,7.43813376,0.054947363,0.016875833,42.0708,929.7244500000000,0.046334993,Mid-Peak
23,20,182.4708417,7.702832872,0.054947363,0.016728599,42.97825,910.65425,0.046334993,Mid-Peak
23,21,183.5306258,8.804154303,0.054947363,0.014642078,43.38455,821.2156,0.046334993,Mid-Peak
23,22,179.0302234,8.871357868,0.054947363,0.013943569,43.32405,684.7452500000000,0.046334993,Mid-Peak
23,23,178.0028621,10.39522036,0.054947363,0.009088257,42.76265,504.65880000000000,0.046334993,Mid-Peak
24,0,162.3807878,14.49886039,0.03498139,0.016737195,41.6607,298.6742,0.046334993,Base
24,1,156.0542927,17.61808067,0.03498139,0.016704992,39.60725,103.3119,0.046334993,Base
24,2,156.2710649,21.25862751,0.03498139,0.016673062,36.69125,3.26605,0.046334993,Base
24,3,155.844724,24.22520539,0.03498139,0.016436177,34.95525,0.0,0.046334993,Base
24,4,156.0162521,26.29767204,0.03498139,0.016395105,33.5762,0.0,0.046334993,Base
24,5,156.6792569,28.42937622,0.03498139,0.016443955,32.4482,0.0,0.046334993,Base
24,6,158.3313463,30.76049498,0.03498139,0.016257968,31.5873,0.0,0.046334993,Base
24,7,167.2714945,32.64266105,0.03498139,0.01661657,30.837700000000000,0.0,0.046334993,Base
24,8,187.3657452,29.19207412,0.03498139,0.016828619,30.13965,0.0,0.046334993,Base
24,9,193.6972789,22.10029648,0.03498139,0.017697833,29.51215,0.0,0.046334993,Base
24,10,210.5667919,18.00109828,0.03498139,0.016457191,28.9043,0.0,0.046334993,Base
24,11,217.7352067,15.91011711,0.03498139,0.01654998,28.346050000000000,0.0,0.046334993,Base
24,12,210.6026934,14.31868188,0.03498139,0.018246105,27.88745,0.07935,0.046334993,Base
24,13,207.0604328,15.29232173,0.03498139,0.016733511,28.24455,53.6164,0.046334993,Base
24,14,205.7971697,16.34447856,0.03498139,0.016753706,30.34165,221.5591,0.046334993,Base
24,15,203.1829353,14.77226442,0.03498139,0.018400844,33.0654,413.33705,0.046334993,Base
24,16,195.2338891,13.68960701,0.03498139,0.018503048,35.796,599.9137500000000,0.046334993,Base
24,17,189.0358182,11.40071497,0.03498139,0.02176826,38.21735,764.60545,0.046334993,Base
24,18,182.4693367,9.337719511,0.03498139,0.023093503,40.1733,878.47475,0.046334993,Base
24,19,177.8064098,9.850636982,0.054947363,0.021953019,41.5478,918.4055500000000,0.046334993,Mid-Peak
24,20,174.1383464,12.11495819,0.054947363,0.020054259,42.363150000000000,892.3446,0.046334993,Mid-Peak
24,21,172.4314301,13.88972769,0.054947363,0.018607572,42.6605,804.2988500000000,0.046334993,Mid-Peak
24,22,166.6579405,13.47821515,0.054947363,0.016729281,42.46755,665.2868,0.046334993,Mid-Peak
24,23,159.9117705,13.79357737,0.054947363,0.016459784,41.8064,486.89890000000000,0.046334993,Mid-Peak
25,0,161.6807195,33.29478349,0.03498139,0.01821352,37.99708,214.29932,,Base
25,1,162.1643352,36.70245131,0.03498139,0.017686834,34.86374,39.280380000000000,,Base
25,2,163.3263842,39.70874918,0.03498139,0.017254493,32.46224,0.00014,,Base
25,3,163.2742015,41.86331785,0.03498139,0.016935872,31.08754,0.0,,Base
25,4,164.1455323,44.14821545,0.03498139,0.016888605,29.8676,0.0,,Base
25,5,167.833812,45.89188769,0.03498139,0.016760829,28.88058,0.0,,Base
25,6,171.8600264,48.23901222,0.054952822,0.015726479,28.08638,0.0,,Mid-Peak
25,7,184.1155489,74.04485986,0.054952822,0.013888032,27.349560000000000,0.0,,Mid-Peak
25,8,201.2148321,83.67433144,0.054952822,0.015052668,26.663640000000000,0.0,,Mid-Peak
25,9,226.0527963,65.22500139,0.054952822,0.016293473,26.01116,0.0,,Mid-Peak
25,10,248.9563147,46.37130994,0.054952822,0.016024577,25.43478,0.0,,Mid-Peak
25,11,274.2649502,37.41066931,0.054952822,0.017741225,24.95418,0.0,,Mid-Peak
25,12,270.3937287,29.74309987,0.054952822,0.018359444,24.54916,0.0,,Mid-Peak
25,13,270.5285911,25.79943307,0.054952822,0.018832667,24.35391,12.99279,,Mid-Peak
25,14,283.1744068,26.38485442,0.054952822,0.020792804,26.347820000000000,156.31638,,Mid-Peak
25,15,234.6655903,25.51108938,0.054952822,0.019928831,29.183750000000000,363.63214,,Mid-Peak
25,16,185.38417,15.0159498,0.054952822,0.019685233,32.328410000000000,560.49649,,Mid-Peak
25,17,176.13557,12.87191252,0.054952822,0.020661835,35.11162,718.6235000000000,,Mid-Peak
25,18,169.3260649,12.20101567,0.054952822,0.02125915,37.222660000000000,826.0874800000000,,Mid-Peak
25,19,164.8149979,13.71824833,0.054952822,0.020653102,38.71071,869.70075,,Mid-Peak
25,20,164.5592763,17.27833313,0.074569472,0.020218687,39.62769,847.31465,,Peak
25,21,163.5797207,21.27992224,0.074569472,0.019143591,40.018060000000000,753.7774900000000,,Peak
25,22,162.5016416,24.96823021,0.054952822,0.01815539,39.91697,606.8194600000000,,Mid-Peak
25,23,161.6711263,29.30975806,0.054952822,0.017589188,39.30046,417.96737,,Mid-Peak
26,0,171.658564,30.55123992,0.03498139,0.017586868,37.913440000000000,206.37124,,Base
26,1,174.991829,33.23501968,0.03498139,0.01617102,34.94984,38.8426,,Base
26,2,175.0890335,36.04952531,0.03498139,0.016076812,32.55564,0.00452,,Base
26,3,175.274246,38.63140612,0.03498139,0.015955203,31.09936,0.0,,Base
26,4,174.5540163,40.8766918,0.03498139,0.015906735,29.85348,0.0,,Base
26,5,175.899032,42.82035111,0.03498139,0.015731637,28.83688,0.0,,Base
26,6,179.8815329,45.30509686,0.03498139,0.015569093,28.06772,0.0,,Base
26,7,195.4416718,45.47813844,0.054952822,0.012968713,27.45016,0.0,,Mid-Peak
26,8,216.1947862,40.82532661,0.054952822,0.0131675,26.819120000000000,0.0,,Mid-Peak
26,9,211.4688941,35.00872325,0.054952822,0.013292928,26.21152,0.0,,Mid-Peak
26,10,218.1402493,33.02515317,0.054952822,0.013083335,25.667,0.0,,Mid-Peak
26,11,228.609657,30.52177074,0.054952822,0.014809753,25.20168,0.0,,Mid-Peak
26,12,217.0508809,27.86045853,0.054952822,0.015649109,24.8402,0.0,,Mid-Peak
26,13,211.0683292,26.81095408,0.054952822,0.018018609,24.711080000000000,12.87904,,Mid-Peak
26,14,207.3469699,26.09646492,0.054952822,0.019174976,26.49776,143.02348,,Mid-Peak
26,15,203.9510352,23.660016,0.054952822,0.019135022,29.18376,332.34436,,Mid-Peak
26,16,184.152188,21.59456297,0.054952822,0.01977985,32.179920000000000,520.09592,,Mid-Peak
26,17,176.3569064,20.02996422,0.054952822,0.020713196,34.945480000000000,671.6846400000000,,Mid-Peak
26,18,171.3249388,19.1568143,0.054952822,0.016785936,37.05332,781.32188,,Mid-Peak
26,19,169.2495706,22.00514739,0.054952822,0.0167855,38.53604,836.3694800000000,,Mid-Peak
26,20,177.5315561,26.81773707,0.054952822,0.016745218,39.47748,824.7256,,Mid-Peak
26,21,179.7229585,30.6975758,0.054952822,0.01553547,39.89792,737.33012,,Mid-Peak
26,22,178.5819262,32.15849352,0.054952822,0.014969022,39.81512,595.5664,,Mid-Peak
26,23,177.6726152,34.89843744,0.054952822,0.014726243,39.17828,405.18776000000000,,Mid-Peak
27,0,159.3832405,35.81287564,0.03498139,0.018967238,37.837360000000000,205.07564000000000,,Base
27,1,152.1688612,38.40641264,0.03498139,0.019230431,34.89484,37.818080000000000,,Base
27,2,151.3817684,40.30368939,0.03498139,0.019382932,32.68092,0.00176,,Base
27,3,151.1325289,43.41654327,0.03498139,0.019342542,31.37276,0.0,,Base
27,4,149.932397,44.17157432,0.03498139,0.01930619,30.249600000000000,0.0,,Base
27,5,149.4656878,45.583324,0.03498139,0.01923971,29.348400000000000,0.0,,Base
27,6,153.2121168,49.95424107,0.03498139,0.019301933,28.556640000000000,0.0,,Base
27,7,165.7477227,54.11621274,0.03498139,0.018260296,27.86808,0.0,,Base
27,8,179.7793839,45.40437379,0.03498139,0.01784231,27.16896,0.0,,Base
27,9,183.7584934,33.52545348,0.03498139,0.017962062,26.50176,0.0,,Base
27,10,200.2116057,27.67695347,0.03498139,0.018565517,25.924,0.0,,Base
27,11,208.7960498,23.68711414,0.03498139,0.019573422,25.422200000000000,0.0,,Base
27,12,200.3842333,19.23435951,0.03498139,0.020723239,25.03696,0.0,,Base
27,13,198.1478391,18.50265217,0.03498139,0.02002907,24.89396,12.24564,,Base
27,14,195.932372,18.004955,0.03498139,0.020017499,26.727160000000000,144.11880000000000,,Base
27,15,191.0822709,14.86098781,0.03498139,0.02105717,29.455960000000000,342.44552,,Base
27,16,181.6732229,12.60387518,0.03498139,0.023476994,32.48856,536.4984000000000,,Base
27,17,175.3651161,11.39331001,0.03498139,0.022651937,35.076480000000000,698.18868,,Base
27,18,170.8765577,10.98955498,0.03498139,0.02048832,37.07284,807.04196,,Base
27,19,165.5262077,11.91205043,0.054952822,0.019988352,38.40184,852.3117600000000,,Mid-Peak
27,20,163.4291865,15.26624439,0.054952822,0.02014522,39.22232,831.17292,,Mid-Peak
27,21,160.9901671,20.32693464,0.054952822,0.02014904,39.54052,737.64116,,Mid-Peak
27,22,155.4446661,24.27134822,0.054952822,0.020047737,39.35832,594.16912,,Mid-Peak
27,23,152.3443344,28.7921421,0.054952822,0.020105594,38.645000000000000,409.1928,,Mid-Peak
28,0,132.2947283,63.88979627,0.03498139,0.023819819,31.934947826087000,124.93176521739100,0.046334993,Base
28,1,131.8122113,67.33909034,0.03498139,0.023889826,28.569460869565200,5.594373913043480,0.046334993,Base
28,2,130.9105539,70.67659521,0.03498139,0.023830759,27.033460869565200,0.0,0.046334993,Base
28,3,130.3965934,74.19635553,0.03498139,0.023772001,25.745060869565200,0.0,0.046334993,Base
28,4,131.1395443,77.17005522,0.03498139,0.023663312,24.609252173913000,0.0,0.046334993,Base
28,5,133.9086842,80.1894621,0.03498139,0.023619765,23.645852173913000,0.0,0.046334993,Base
28,6,136.8968145,84.68099041,0.054952822,0.024103881,22.871991304347800,0.0,0.046334993,Mid-Peak
28,7,147.440718,117.5155676,0.054952822,0.023116214,22.21015652173910,0.0,0.046334993,Mid-Peak
28,8,159.6174054,149.1861841,0.054952822,0.022973684,21.610921739130400,0.0,0.046334993,Mid-Peak
28,9,184.8439029,123.9896544,0.054952822,0.022822208,21.039660869565200,0.0,0.046334993,Mid-Peak
28,10,205.9234622,97.07313632,0.054952822,0.023091723,20.511121739130400,0.0,0.046334993,Mid-Peak
28,11,227.5204797,83.27048377,0.054952822,0.024511535,20.062686956521700,0.0,0.046334993,Mid-Peak
28,12,224.440992,72.88703961,0.054952822,0.024772293,19.68235652173910,0.0,0.046334993,Mid-Peak
28,13,224.1064966,66.38437039,0.054952822,0.025186544,19.336834782608700,0.35020869565217400,0.046334993,Mid-Peak
28,14,236.2125291,62.99692662,0.054952822,0.026253592,20.089669565217400,70.74442608695650,0.046334993,Mid-Peak
28,15,190.7635194,63.24308307,0.054952822,0.024509968,23.06035652173910,263.2553913043480,0.046334993,Mid-Peak
28,16,151.290309,32.79646525,0.054952822,0.025637602,26.111095652173900,458.1137739130440,0.046334993,Mid-Peak
28,17,141.4705497,34.55997794,0.054952822,0.026769246,29.185765217391300,617.3685391304350,0.046334993,Mid-Peak
28,18,133.9218639,37.67297417,0.057511515,0.02462879,31.53306086956520,724.8274260869570,0.046334993,Mid-Peak
28,19,135.0315359,42.94072067,0.057511515,0.024440626,33.14355652173910,771.0154782608700,0.046334993,Mid-Peak
28,20,134.6871963,49.07178394,0.074569472,0.024439985,34.11304347826090,750.4427304347830,0.046334993,Peak
28,21,134.7857121,55.39835724,0.074569472,0.024071749,34.531695652173900,661.9079391304350,0.046334993,Peak
28,22,132.6056681,57.29090873,0.054952822,0.024840259,34.41458260869570,515.3392,0.046334993,Mid-Peak
28,23,131.9974982,60.43330563,0.054952822,0.02341684,33.70000869565220,325.6808782608700,0.046334993,Mid-Peak
29,0,153.8273308,49.97257582,0.03498139,0.018227275,31.1271,126.4975,0.046334993,Base
29,1,158.3380662,53.66337598,0.03498139,0.018230959,27.5999,4.894,0.046334993,Base
29,2,159.0944907,56.90485348,0.03498139,0.018024913,26.0302,0.0,0.046334993,Base
29,3,158.5839452,60.16211706,0.03498139,0.018086454,24.89415,0.0,0.046334993,Base
29,4,158.2886744,62.23821251,0.03498139,0.018166006,23.96075,0.0,0.046334993,Base
29,5,160.1447158,64.11916687,0.03498139,0.018092185,23.110600000000000,0.0,0.046334993,Base
29,6,163.746893,66.69888862,0.03498139,0.017963236,22.37695,0.0,0.046334993,Base
29,7,179.7273723,68.82990737,0.049959964,0.016677838,21.76415,0.0,0.046334993,Mid-Peak
29,8,193.883664,65.11926814,0.054952822,0.016670469,21.154,0.0,0.046334993,Mid-Peak
29,9,191.7889791,53.24156759,0.054952822,0.01669312,20.5569,0.0,0.046334993,Mid-Peak
29,10,199.4197862,45.91891794,0.054952822,0.01675357,20.016400000000000,0.0,0.046334993,Mid-Peak
29,11,211.3758787,37.81874069,0.054952822,0.016814838,19.52735,0.0,0.046334993,Mid-Peak
29,12,199.8792146,32.7354835,0.054952822,0.016971351,19.1677,0.0,0.046334993,Mid-Peak
29,13,194.7343887,31.14415588,0.054952822,0.017138234,18.9644,0.176,0.046334993,Mid-Peak
29,14,189.2318986,28.37148383,0.054952822,0.024090847,19.72525,66.72710000000000,0.046334993,Mid-Peak
29,15,183.1760912,23.76952995,0.054952822,0.01983989,22.695700000000000,257.60455,0.046334993,Mid-Peak
29,16,167.0276892,22.41244507,0.054952822,0.024748146,25.69895,458.271,0.046334993,Mid-Peak
29,17,156.2958783,22.29605334,0.054952822,0.029639619,28.92555,623.7417,0.046334993,Mid-Peak
29,18,147.9436328,26.292875,0.054952822,0.028777092,31.41645,734.2419,0.046334993,Mid-Peak
29,19,149.5673771,33.59824153,0.059856985,0.027297383,33.0841,781.2233,0.046334993,Mid-Peak
29,20,150.9020958,41.31555971,0.059856985,0.020628868,33.98355,752.0372,0.046334993,Mid-Peak
29,21,150.7573764,48.85946978,0.054952822,0.020516839,34.3662,657.0562,0.046334993,Mid-Peak
29,22,149.0942283,52.92647928,0.054952822,0.017299932,34.28175,516.027,0.046334993,Mid-Peak
29,23,144.2637255,56.9775722,0.054952822,0.017601769,33.6303,323.94205,0.046334993,Mid-Peak
30,0,124.2725294,58.33454465,0.03498139,0.020831639,31.384700000000000,120.00560000000000,0.046334993,Base
30,1,122.8960145,59.77340498,0.03498139,0.019565753,28.31785,4.17965,0.046334993,Base
30,2,123.1176565,62.96158013,0.03498139,0.019470099,26.9882,0.0,0.046334993,Base
30,3,122.0680031,63.67488019,0.03498139,0.019376492,25.9637,0.0,0.046334993,Base
30,4,123.9085814,66.89465889,0.03498139,0.019216567,24.83285,0.0,0.046334993,Base
30,5,124.6966659,68.96508787,0.03498139,0.019208926,23.6747,0.0,0.046334993,Base
30,6,127.9701817,76.0832264,0.03498139,0.019357524,22.67675,0.0,0.046334993,Base
30,7,142.9213409,79.80292019,0.03498139,0.019326958,21.8394,0.0,0.046334993,Base
30,8,153.364898,66.45605141,0.03498139,0.019334736,21.121,0.0,0.046334993,Base
30,9,155.8889901,48.3648871,0.03498139,0.019286159,20.49115,0.0,0.046334993,Base
30,10,182.0597484,38.47702292,0.03498139,0.019544876,19.9288,0.0,0.046334993,Base
30,11,189.5026893,31.94555694,0.03498139,0.01951895,19.45145,0.0,0.046334993,Base
30,12,183.6496476,25.08098326,0.03498139,0.020450659,19.06945,0.0,0.046334993,Base
30,13,184.5814089,23.04423539,0.03498139,0.024193051,18.75425,0.13075000000000000,0.046334993,Base
30,14,184.2309312,19.71659185,0.03498139,0.024782533,19.46545,65.55495,0.046334993,Base
30,15,177.0886219,17.69508066,0.03498139,0.025587067,22.66785,255.75355000000000,0.046334993,Base
30,16,162.4760209,19.39374229,0.03498139,0.02678104,25.733250000000000,453.13620000000000,0.046334993,Base
30,17,155.439432,22.71877861,0.03498139,0.02756265,29.07875,616.4524,0.046334993,Base
30,18,138.7679325,26.03264173,0.039974248,0.026833985,31.822200000000000,726.4571,0.046334993,Base
30,19,133.6157636,34.73969719,0.054952822,0.024341513,33.5374,772.4891,0.046334993,Mid-Peak
30,20,134.3669725,43.68123036,0.054952822,0.023339121,34.5036,741.23945,0.046334993,Mid-Peak
30,21,133.1139352,52.52961161,0.054952822,0.027180715,34.88265,637.9718,0.046334993,Mid-Peak
30,22,124.6132001,54.49586155,0.054952822,0.022163022,34.734900000000000,491.01690000000000,0.046334993,Mid-Peak
30,23,121.9471916,59.7193975,0.054952822,0.021838261,34.01055,306.78485,0.046334993,Mid-Peak
31,0,97.26710378,105.6425543,0.03498139,0.018261413,22.199018181818200,46.88018181818180,,Base
31,1,97.72775161,113.3484611,0.03498139,0.018896098,19.872663636363600,0.003972727272727270,,Base
31,2,97.39183838,117.5380562,0.03498139,0.018065762,18.813527272727300,0.0,,Base
31,3,98.06245305,121.6144853,0.03498139,0.017804912,17.848154545454500,0.0,,Base
31,4,99.3359449,125.3490517,0.03498139,0.017773453,16.976909090909100,0.0,,Base
31,5,101.4894676,128.4940825,0.03498139,0.01735114,16.22490909090910,0.0,,Base
31,6,106.8688188,133.3331949,0.054952822,0.016716851,15.584890909090900,0.0,,Mid-Peak
31,7,110.7098436,142.2786752,0.054952822,0.016117916,14.97560909090910,0.0,,Mid-Peak
31,8,117.7132692,173.0877951,0.054952822,0.017401231,14.378936363636400,0.0,,Mid-Peak
31,9,137.3348665,185.2751685,0.054952822,0.017237734,13.820963636363600,0.0,,Mid-Peak
31,10,159.3815263,132.0477557,0.054952822,0.017273137,13.351690909090900,0.0,,Mid-Peak
31,11,185.9845545,96.5476755,0.054952822,0.016809739,12.964154545454500,0.0,,Mid-Peak
31,12,206.7711814,80.51597354,0.054952822,0.016825022,12.647163636363600,0.0,,Mid-Peak
31,13,206.0488976,71.03499646,0.054952822,0.016888262,12.360672727272700,0.0,,Mid-Peak
31,14,210.7487497,62.22694723,0.054952822,0.017040892,12.284427272727300,16.533609090909100,,Mid-Peak
31,15,217.6612947,55.35546092,0.054952822,0.017064834,14.58480909090910,155.4978909090910,,Mid-Peak
31,16,174.1497173,57.02463951,0.054952822,0.019820513,17.351463636363600,332.66777272727300,,Mid-Peak
31,17,136.9621481,31.0620141,0.054952822,0.020144059,20.394045454545500,486.8540090909090,,Mid-Peak
31,18,122.4647229,35.98217539,0.074569472,0.0175911,23.146863636363600,592.7236818181820,,Peak
31,19,109.102201,47.83921554,0.074569472,0.017307797,25.090372727272700,632.897,,Peak
31,20,104.2364888,63.28311178,0.074569472,0.019544454,26.217254545454500,609.9745636363640,,Peak
31,21,98.30670799,77.98434376,0.074569472,0.019204733,26.686218181818200,524.3357363636360,,Peak
31,22,96.93074693,89.8646341,0.054952822,0.019932654,26.536872727272700,383.1150272727270,,Mid-Peak
31,23,96.02092795,93.86894112,0.054952822,0.020075484,25.371409090909100,210.25067272727300,,Mid-Peak
32,0,90.67958142,86.14741518,0.03498139,0.013461749,22.4024,52.13385,,Base
32,1,114.1915881,92.31223378,0.03498139,0.015353686,20.1101,0.00325,,Base
32,2,108.8987161,97.61074654,0.03498139,0.014215249,19.12285,0.0,,Base
32,3,107.311828,102.6100716,0.03498139,0.014131057,18.118650000000000,0.0,,Base
32,4,107.7484286,108.2592832,0.03498139,0.014117139,17.0913,0.0,,Base
32,5,107.4474435,112.6750103,0.03498139,0.01410595,16.15345,0.0,,Base
32,6,109.9626987,118.2917903,0.03498139,0.014106905,15.3261,0.0,,Base
32,7,115.6945293,121.8678042,0.03498139,0.010907873,14.5865,0.0,,Base
32,8,128.9186373,113.7500085,0.054952822,0.008290546,13.92525,0.0,,Mid-Peak
32,9,144.9391956,87.78100452,0.054952822,0.008299279,13.4647,0.0,,Mid-Peak
32,10,167.0735118,66.27221591,0.054952822,0.009159486,13.1081,0.0,,Mid-Peak
32,11,175.1049647,56.78169615,0.054952822,0.008950438,12.7746,0.0,,Mid-Peak
32,12,178.6247062,50.20694522,0.054952822,0.008987417,12.4626,0.0,,Mid-Peak
32,13,168.2726688,46.03494972,0.054952822,0.008952894,12.1654,0.0,,Mid-Peak
32,14,163.9650472,43.32751314,0.054952822,0.008954941,12.102700000000000,19.061500000000000,,Mid-Peak
32,15,159.2861849,39.73196064,0.054952822,0.011011033,14.63285,168.77055,,Mid-Peak
32,16,151.1754824,36.34254274,0.054952822,0.011261699,17.4598,356.26025,,Mid-Peak
32,17,136.7621603,32.53107412,0.054952822,0.011367724,20.58735,513.53955,,Mid-Peak
32,18,131.688912,34.63833181,0.054952822,0.011554666,23.11515,615.309,,Mid-Peak
32,19,132.2079803,46.09708651,0.074569472,0.013495999,24.766550000000000,649.9785000000000,,Peak
32,20,125.3498712,59.54078616,0.074569472,0.016013443,25.7875,627.76525,,Peak
32,21,118.1159515,73.03963125,0.054952822,0.014680012,26.28155,549.28935,,Mid-Peak
32,22,117.0929054,85.41479149,0.054952822,0.01329009,26.1849,411.55785000000000,,Mid-Peak
32,23,108.3340555,91.0770676,0.054952822,0.012896147,25.1386,229.1671,,Mid-Peak
33,0,102.9363011,95.73793554,0.03498139,0.011393241,21.7789,51.09805,,Base
33,1,92.18618653,96.47461626,0.03498139,0.012861897,19.40655,0.0011,,Base
33,2,88.86904689,101.7843963,0.03498139,0.012938857,18.285600000000000,0.0,,Base
33,3,88.94471724,108.2390401,0.03498139,0.012931215,17.2978,0.0,,Base
33,4,87.70230496,113.8621131,0.03498139,0.016581092,16.48935,0.0,,Base
33,5,87.21236256,119.539017,0.03498139,0.016474112,15.77415,0.0,,Base
33,6,75.13471991,124.222137,0.03498139,0.014858221,15.15335,0.0,,Base
33,7,81.27216055,136.3031446,0.03498139,0.016887977,14.5463,0.0,,Base
33,8,91.82291597,132.899688,0.03498139,0.013106423,13.962900000000000,0.0,,Base
33,9,102.4164515,114.1224192,0.03498139,0.016039096,13.363150000000000,0.0,,Base
33,10,115.9366374,92.12122624,0.03498139,0.013235372,12.8424,0.0,,Base
33,11,153.2666887,77.50336534,0.03498139,0.013027689,12.37265,0.0,,Base
33,12,146.2841235,67.62288155,0.03498139,0.012962191,11.9908,0.0,,Base
33,13,137.0375172,60.01856721,0.03498139,0.012970241,11.65455,0.0,,Base
33,14,147.7002354,55.37231855,0.03498139,0.014825336,11.59065,19.1918,,Base
33,15,146.4549922,44.80465458,0.03498139,0.014774984,14.2986,173.4307,,Base
33,16,141.2303885,38.45561385,0.03498139,0.017529175,17.26005,368.8917,,Base
33,17,127.0600389,41.22970563,0.03498139,0.016348437,20.5811,524.95195,,Base
33,18,113.625767,50.23413715,0.054952822,0.018132985,23.21255,617.48,,Mid-Peak
33,19,113.9390138,67.0272644,0.054952822,0.016068024,24.963550000000000,664.54295,,Mid-Peak
33,20,102.0172098,84.64584673,0.054952822,0.014276654,25.96455,643.94505,,Mid-Peak
33,21,96.75781805,98.18528776,0.054952822,0.013132349,26.34535,556.0946,,Mid-Peak
33,22,95.51694142,105.6751956,0.054952822,0.013148587,26.1777,409.8727,,Mid-Peak
33,23,93.07960271,107.4706689,0.054952822,0.016076484,25.1697,223.72730000000000,,Mid-Peak
34,0,87.36747799,113.8197406,0.034572027,0.025346608,17.05231428571430,19.807961904761900,0.046334993,Base
34,1,88.72794073,120.1546217,0.034572027,0.025102368,15.589533333333300,0.0,0.046334993,Base
34,2,89.73739698,124.2443279,0.034572027,0.024981925,14.703771428571400,0.0,0.046334993,Base
34,3,91.96182483,129.9150974,0.034572027,0.025009579,13.880809523809500,0.0,0.046334993,Base
34,4,92.82876319,136.2858267,0.034572027,0.024779921,13.107514285714300,0.0,0.046334993,Base
34,5,94.09309854,139.6731588,0.034572027,0.024772955,12.418609523809500,0.0,0.046334993,Base
34,6,98.73752735,143.7883789,0.054210511,0.025137301,11.827161904761900,0.0,0.046334993,Mid-Peak
34,7,103.3648595,152.5728417,0.054210511,0.026224931,11.216380952381000,0.0,0.046334993,Mid-Peak
34,8,111.774732,184.6872439,0.054210511,0.025641817,10.598219047619000,0.0,0.046334993,Mid-Peak
34,9,120.8675594,223.7216906,0.054210511,0.024763858,10.04657142857140,0.0,0.046334993,Mid-Peak
34,10,140.8239472,173.6569081,0.054210511,0.02361416,9.582619047619050,0.0,0.046334993,Mid-Peak
34,11,167.1814976,131.1684049,0.054210511,0.023637864,9.173809523809520,0.0,0.046334993,Mid-Peak
34,12,192.7777975,110.3374525,0.054210511,0.023838023,8.820685714285710,0.0,0.046334993,Mid-Peak
34,13,199.2294969,98.60290927,0.054210511,0.02386547,8.518209523809520,0.0,0.046334993,Mid-Peak
34,14,199.9624361,90.89471588,0.054210511,0.023933255,8.308333333333330,4.017266666666670,0.046334993,Mid-Peak
34,15,209.7867258,84.7879634,0.054210511,0.025587963,9.954628571428570,108.76588571428600,0.046334993,Mid-Peak
34,16,167.6685957,91.6783803,0.054210511,0.026106983,12.788028571428600,270.4959238095240,0.046334993,Mid-Peak
34,17,127.3337262,45.49445228,0.054210511,0.027832309,15.523028571428600,412.7132285714290,0.046334993,Mid-Peak
34,18,112.5234572,54.81557509,0.073499672,0.02723438,18.187342857142900,512.2131333333330,0.046334993,Peak
34,19,99.35148503,69.58713453,0.073499672,0.026528145,20.096504761904800,553.3748476190480,0.046334993,Peak
34,20,95.84510164,84.81562891,0.073499672,0.02665714,21.338552380952400,533.0077333333330,0.046334993,Peak
34,21,96.57126029,98.04633243,0.073499672,0.026377916,21.925038095238100,451.27756190476200,0.046334993,Peak
34,22,92.90666209,109.4901201,0.054210511,0.025885043,21.79234285714290,315.29840952381000,0.046334993,Mid-Peak
34,23,90.89573895,111.3726257,0.054210511,0.025551108,20.15029523809520,154.54234285714300,0.046334993,Mid-Peak
35,0,101.6492078,119.0559432,0.034572027,0.024613166,17.49532,20.46728,0.046334993,Base
35,1,110.7755675,125.7782233,0.034572027,0.024545375,16.106720000000000,0.0,0.046334993,Base
35,2,115.6755345,129.7204048,0.034572027,0.024510007,15.16532,0.0,0.046334993,Base
35,3,116.259746,132.4237009,0.034572027,0.024287532,14.284120000000000,0.0,0.046334993,Base
35,4,116.5951598,136.8532149,0.034572027,0.023908298,13.433120000000000,0.0,0.046334993,Base
35,5,117.5587394,140.4924819,0.034572027,0.024024448,12.6506,0.0,0.046334993,Base
35,6,118.1033429,144.1142103,0.034572027,0.023977617,11.94768,0.0,0.046334993,Base
35,7,120.5740894,147.8073383,0.034572027,0.023935698,11.338040000000000,0.0,0.046334993,Base
35,8,133.6821335,146.6270554,0.054210511,0.021982984,10.866,0.0,0.046334993,Mid-Peak
35,9,149.0693391,131.2943105,0.054210511,0.021518931,10.355160000000000,0.0,0.046334993,Mid-Peak
35,10,146.3589293,112.4083619,0.054210511,0.021526463,9.891200000000000,0.0,0.046334993,Mid-Peak
35,11,151.1830007,104.8667071,0.054210511,0.021532031,9.53688,0.0,0.046334993,Mid-Peak
35,12,163.2510264,96.63783372,0.054210511,0.021987351,9.236880000000000,0.0,0.046334993,Mid-Peak
35,13,159.439573,92.95700517,0.054210511,0.02195362,9.03408,0.0,0.046334993,Mid-Peak
35,14,155.0241248,89.17383627,0.054210511,0.022351956,8.85736,4.09952,0.046334993,Mid-Peak
35,15,150.7490115,83.42681161,0.054210511,0.024449748,10.5244,105.12468000000000,0.046334993,Mid-Peak
35,16,143.7586587,78.75409996,0.054210511,0.025136822,13.2362,265.23964,0.046334993,Mid-Peak
35,17,129.1819948,79.83755625,0.054210511,0.023444681,15.98012,405.11676,0.046334993,Mid-Peak
35,18,120.8258331,84.62715352,0.054210511,0.02357666,18.49352,505.16772000000000,0.046334993,Mid-Peak
35,19,104.6948665,93.94993552,0.073499672,0.023165223,20.27404,540.77288,0.046334993,Peak
35,20,98.04425931,106.9385828,0.073499672,0.024879961,21.3144,514.30556,0.046334993,Peak
35,21,99.42345513,116.1797987,0.054210511,0.02467648,21.7446,430.25184,0.046334993,Mid-Peak
35,22,99.83295845,126.1242805,0.054210511,0.023276242,21.53232,297.48064,0.046334993,Mid-Peak
35,23,99.18755681,132.0612956,0.054210511,0.02285247,20.12184,144.63356,0.046334993,Mid-Peak
36,0,95.71579512,134.3685921,0.034572027,0.022653684,17.278200000000000,18.39132,0.046334993,Base
36,1,78.85485993,133.6390635,0.034572027,0.022749857,15.87452,0.0,0.046334993,Base
36,2,74.65339825,138.302249,0.034572027,0.022599757,15.03332,0.0,0.046334993,Base
36,3,74.22002809,141.2939352,0.034572027,0.022527928,14.339080000000000,0.0,0.046334993,Base
36,4,74.4769783,151.2435887,0.034572027,0.022535678,13.727040000000000,0.0,0.046334993,Base
36,5,73.39682042,153.9901151,0.034572027,0.022563406,13.115280000000000,0.0,0.046334993,Base
36,6,75.37026528,163.4113437,0.034572027,0.022709139,12.52084,0.0,0.046334993,Base
36,7,77.37152118,173.5822944,0.034572027,0.026881689,11.98228,0.0,0.046334993,Base
36,8,90.66113713,174.6759915,0.034572027,0.026961051,11.516120000000000,0.0,0.046334993,Base
36,9,103.6446641,155.067392,0.034572027,0.022435685,11.04228,0.0,0.046334993,Base
36,10,109.2384724,124.2592478,0.034572027,0.022942312,10.56456,0.0,0.046334993,Base
36,11,125.2912877,100.3807234,0.034572027,0.022511881,10.1706,0.0,0.046334993,Base
36,12,138.1533352,84.09602177,0.034572027,0.022546922,9.8788,0.0,0.046334993,Base
36,13,130.1791583,78.35572366,0.034572027,0.022730644,9.56888,0.0,0.046334993,Base
36,14,128.7746228,73.13469755,0.034572027,0.022863714,9.307640000000000,4.24908,0.046334993,Base
36,15,129.8625045,65.15786231,0.034572027,0.023139898,10.83468,110.25700000000000,0.046334993,Base
36,16,128.0455229,59.46425362,0.034572027,0.024184591,13.58568,275.24072,0.046334993,Base
36,17,117.2063242,61.45813892,0.034572027,0.026375171,16.35644,420.44924000000000,0.046334993,Base
36,18,108.7438625,72.96681552,0.054210511,0.02514621,18.88264,523.72288,0.046334993,Mid-Peak
36,19,106.6089213,90.79930946,0.054210511,0.023845202,20.581200000000000,566.7502000000000,0.046334993,Mid-Peak
36,20,98.95739136,106.669277,0.054210511,0.025478831,21.64368,537.92104,0.046334993,Mid-Peak
36,21,84.2012855,118.8129445,0.054210511,0.02584562,22.14988,461.88028,0.046334993,Mid-Peak
36,22,80.98219912,128.2126867,0.054210511,0.025558084,22.084960000000000,336.44804,0.046334993,Mid-Peak
36,23,78.52895874,129.2483476,0.054210511,0.024218322,20.60372,165.51256,0.046334993,Mid-Peak